,0,1,2,3,4
RPL41,0.10160941,-0.10156233,0.1257571,0.12570585,-0.010079495
MT-CO1,-0.03276489,-0.03572918,0.1551101,0.039668277,0.07739678
MT-CO3,-0.00037020765,-0.058072567,0.19970027,0.095032655,0.074926645
PIP,-0.06827607,-0.013712835,0.1754466,0.023953158,0.10921969
RPLP1,0.02342923,-0.05717744,0.09965797,0.033977922,0.016147278
MT-CO2,0.04352429,-0.073369436,0.2143897,0.098184854,0.03796081
RPS27,0.017690988,-0.0735006,0.2744175,0.13095571,0.07797405
SCGB1D2,0.16082719,-0.12002511,0.094567716,0.0631988,-0.1078418
EEF1A1,0.11337765,-0.081873365,0.006252443,-0.028877994,-0.1100604
MT-ND4,0.15631351,-0.13040644,0.18624243,0.12050861,-0.07220229
RPL37,0.008580287,-0.062452007,0.20771737,0.08778007,0.061704177
MT-ND3,0.052562382,-0.047063336,0.03361462,-0.06155257,-0.060495805
MT-ATP6,-0.06441419,-0.0009141776,0.12643525,-0.041820347,0.07297806
FTH1,0.0026266042,-0.03991956,0.12731726,0.011532802,0.031117287
RPL39,0.0891912,-0.058068693,0.030910796,-0.075456984,-0.10217858
RPL34,0.07635746,-0.058133643,0.036075965,-0.046681497,-0.07566898
RPL10,0.13019368,-0.07825781,0.011155796,-0.092296205,-0.1581345
RPS15A,0.06971842,-0.044120513,0.05161189,-0.08807692,-0.08521709
RPS12,0.04850474,-0.042262807,0.0038014445,-0.07768255,-0.06709932
RPL37A,0.038811363,-0.030498806,0.013151034,-0.08291739,-0.053401977
RPL30,0.06344097,-0.046878543,0.014046136,-0.10293487,-0.09540105
RPS14,0.07646239,-0.04749833,0.032374028,-0.10864207,-0.10614233
RPL28,0.018770318,-0.01916985,0.038420696,-0.1334587,-0.06148151
RPL32,0.014952764,-0.025152935,0.030291473,-0.081117034,-0.030400276
RPS28,0.036246993,-0.03408931,0.034180056,-0.13729523,-0.08682914
MT-CYB,0.0056588175,-0.015733913,0.011301864,-0.15128048,-0.06241872
RPS29,-0.047577184,0.0041531334,0.083232,-0.089405976,0.0335531
RPS23,0.013900741,-0.02259409,0.028442502,-0.08156379,-0.028487025
RPS18,0.029061135,-0.03264618,0.017073452,-0.05757137,-0.031817712
RPS15,-0.029364511,0.0038631693,0.049914915,-0.13921835,-0.012953963
RPS21,0.0035204615,-0.020567019,0.03810963,-0.109494425,-0.03717775
RPS4X,0.026271554,-0.017518103,0.018429862,-0.14976722,-0.07574208
ACTB,0.016234191,-0.022663647,0.026519744,-0.06892532,-0.023041222
TMSB10,-0.018722748,-0.011637387,0.033284266,-0.062850036,0.01349617
TPT1,-0.024686744,-0.013325244,0.032229435,-0.06395436,0.016866328
KRT19,0.015482667,-0.022202902,0.015293726,-0.046990566,-0.007731933
RPL36,-0.028445976,-0.003841257,0.034911573,-0.08283946,0.013042554
MT-ND1,-0.011085614,-0.015967568,0.033201322,-0.07819563,-0.0038053156
RPL13,0.0058106733,-0.018948905,0.025046105,-0.035707578,0.009044902
TMSB4X,-0.10597983,0.016674422,0.076504104,-0.102811255,0.07176723
RPL19,0.0018780889,-0.013948752,0.028134873,-0.052835133,0.006112439
SERF2,0.013867233,-0.01594699,0.018319014,-0.042965125,0.0003817413
RPL26,0.00035611613,-0.017335758,0.026075585,-0.03817683,0.011636072
S100A6,0.015836516,-0.017780673,0.014571212,-0.033672795,0.0037450788
RPS24,0.0147553105,-0.018827368,0.019856894,-0.02893754,0.007165781
AZGP1,0.0080047315,-0.019747775,0.01944065,-0.04492083,0.00088798493
RPL8,0.015364713,-0.01923243,0.017131051,-0.022858853,0.008817209
RPS3A,0.012057766,-0.019495465,0.025017172,-0.029953692,0.008146314
RPS2,0.015011739,-0.016554747,0.019886095,-0.034422543,0.004784878
COL1A2,0.011057816,-0.020357713,0.021176636,-0.026285117,0.010164663
CALML5,-0.15949258,0.016317211,0.2294952,0.020990869,0.19523185
RPL29,0.120686516,-0.1229494,0.1575328,0.13513453,-0.036016602
CLU,-0.009112304,-0.047520127,0.15566866,0.04869495,0.056303434
RPS19,0.0556872,-0.08232524,0.16265346,0.11654841,0.028341781
RPLP2,0.0503787,-0.08045457,0.20817864,0.08991279,0.020205116
COL1A1,0.023490742,-0.07299728,0.15107255,0.06682657,0.024807189
RPL13A,-0.008071285,-0.042487994,0.110820994,0.03215009,0.04725615
S100A11,0.048715897,-0.05955538,0.09115494,0.020363456,-0.013919302
RPS8,0.1346899,-0.10529991,0.054442164,-0.026880484,-0.14104766
RPL18A,0.012154003,-0.041501682,0.07598112,-0.0140381735,0.0014590247
RPS27A,-0.015646255,-0.04123435,0.13243587,0.025992354,0.050032973
FN1,0.09184913,-0.070049696,0.02295136,-0.03660212,-0.09086575
SCGB2A1,-0.02879042,-0.036008578,0.14269057,0.027155872,0.06401346
CD24,-0.033527352,-0.024140624,0.10986973,0.011430412,0.06415787
RPL23A,0.08451865,-0.06657531,0.024454864,-0.057234656,-0.096030496
RPL35A,0.07069386,-0.062877454,0.02706899,-0.05602261,-0.08386282
MALAT1,0.044806737,-0.048392225,0.0069781807,-0.08748831,-0.077050604
ACTG1,0.04853496,-0.05184788,0.034468964,-0.045669146,-0.054334223
RPS13,0.035927054,-0.046434037,0.029142002,-0.06489814,-0.054201506
MUC1,-0.020418461,-0.0075905775,0.008532021,-0.18706232,-0.06292973
MGP,0.036125533,-0.03900896,0.023222707,-0.07655528,-0.055372138
RPL9,0.030557115,-0.03321129,0.011350526,-0.06625117,-0.04075662
RPL12,0.012423369,-0.031178122,0.01573224,-0.07437444,-0.03238539
FTL,-0.026181646,-0.011495249,0.024004083,-0.15366976,-0.040255606
RPL38,0.013237817,-0.029960226,0.018157102,-0.064924575,-0.023677818
RPS26,0.0036279263,-0.019928075,0.013072416,-0.114200816,-0.040833097
RPL18,-0.022241857,-0.016967667,0.046651464,-0.07250966,0.0060121045
RPL31,0.053007185,-0.054123864,0.00960191,-0.08468872,-0.08515857
GAPDH,0.001147306,-0.02738795,0.004615829,-0.10072173,-0.039030325
RPS3,-0.01471503,-0.013747212,0.026973726,-0.0927678,-0.010153772
KRT8,-0.008628561,-0.028085016,0.023730379,-0.09410048,-0.02781652
ATP5F1E,0.014731555,-0.034772795,0.0064361533,-0.05188124,-0.023307923
MT-ND2,-0.015626272,-0.020121783,0.011056497,-0.08535515,-0.012383969
RPL14,-0.10973372,0.013448838,0.060432218,-0.09342674,0.076608054
RPL7A,-0.034647733,-0.020787673,0.022207243,-0.088118546,-0.0012319556
RPL21,-0.008675747,-0.017493324,0.014343722,-0.07710493,-0.008552275
RPS25,0.0061473153,-0.037957624,0.025782403,-0.05459404,-0.020617416
RPL23,-0.035092503,-0.014483948,0.024799839,-0.08129816,0.009116572
RPS6,-0.059536368,0.008991448,0.047810998,-0.08174319,0.0460444
UQCRQ,-0.034882452,-0.01709112,0.047211632,-0.040792346,0.033823974
RPLP0,-0.020176645,-0.009309975,0.006548118,-0.053541776,0.020197768
RPL15,-0.00050199067,-0.035035122,0.026222624,-0.03587799,-0.0021063976
RPL6,-0.038797565,-0.021332111,0.042609632,-0.049596567,0.02706999
RPL10A,-0.024848476,-0.022129977,0.018018607,-0.08100896,-0.004765115
RPS11,-0.10893599,0.008955589,0.057627365,-0.0824333,0.07758602
RPL7,-0.0012692806,-0.026061058,0.0153501015,-0.044948317,0.00046195145
FAU,-0.004688516,-0.031533357,0.046492394,-0.03603187,0.005776845
RPS5,0.0010388017,-0.03986854,0.049716845,0.004344166,0.020456119
RPS16,0.009536024,-0.033835772,0.028196694,-0.038076535,-0.008004343
RPL27,-0.014653049,-0.031678993,0.048892573,-0.025439851,0.018197358
RPS7,-0.17269976,0.024611413,0.075558,-0.10870302,0.116816595
RPL3,-0.00880724,-0.030655988,0.038201265,-0.037500277,0.0062886206
RPL35,-0.0033762245,-0.047723405,0.05426393,-0.009747525,0.007337336
B2M,0.0765505,-0.07816069,0.044084877,0.018346546,-0.05188988
HSPB1,0.013626063,-0.03784727,0.03942316,-0.010211882,0.004453968
RPL36A,0.015486247,-0.035820063,0.037489846,-0.017876295,-0.00036350917
RPL24,-0.18825893,0.0238321,0.07969701,-0.08224594,0.14202794
ADIRF,-0.0759995,-0.026353903,0.065831795,-0.05201167,0.046208356
NEAT1,0.017834436,-0.044615682,0.06549719,0.022317031,0.017982662
MYL6,0.012476063,-0.039701056,0.032702,-0.026730994,-0.0087986365
NACA,0.017398339,-0.048471484,0.063315295,0.0061948327,0.005080118
AGR2,-0.08098805,-0.004183069,0.008210968,-0.114404775,0.02424541
RPS10,-0.016742768,-0.032121155,0.057243314,-0.0032807556,0.033734355
RPS9,-0.06765923,-0.0049541406,0.012266879,-0.07741546,0.039089877
RPL4,-0.009334588,-0.029617429,0.004339118,-0.06592867,-0.013026926
ELOB,-0.02095684,-0.012410142,0.01803105,-0.07582778,0.0050778636
H3F3A,0.008872376,-0.035472453,0.009181284,-0.055747747,-0.022109661
PPIA,-0.097321466,0.0035901684,0.04487797,-0.07776565,0.067633964
S100A14,-0.0020232205,-0.039207205,0.046401527,-0.015527824,0.010787487
SMIM22,0.009474669,-0.041465923,-0.009809429,-0.054888166,-0.028717948
HSP90AA1,0.07158021,-0.07240155,0.02214974,0.008166465,-0.05225445
RPL11,-0.025286201,-0.033895444,0.004780737,-0.07657253,-0.012457658
RACK1,-0.009482711,-0.018453358,-0.0032465372,-0.09749492,-0.022443496
COL3A1,-0.00913481,-0.037222423,0.009955178,-0.0550331,-0.0113628665
KRT18,-0.073050804,-0.017400235,0.04862337,0.021221513,0.0976932
KRT7,-0.0038869523,-0.040040713,0.007987005,-0.057749145,-0.01937481
S100A10,0.00089482014,-0.04268966,0.009649715,-0.060547967,-0.027104538
UBB,0.0048682247,-0.034762688,0.027503641,-0.042724885,-0.009796539
UBA52,-0.0009306486,-0.0392407,-0.0024186776,-0.063151784,-0.025225716
SPARC,-0.013529352,-0.03712471,0.007705089,-0.035540983,0.0029835626
POLR2L,-0.019533701,-0.02281279,0.015317629,-0.050182194,0.010555852
RPL22,-0.0147542935,-0.054412995,-0.004129582,-0.044551197,-0.018351458
CRABP2,-0.04889872,-0.013843835,0.021452522,-0.06826708,0.02713591
COX7C,0.0035316828,-0.036049135,-0.005582075,-0.045145243,-0.014092507
PFN1,-0.041171197,-0.024323808,0.010136912,-0.06080455,0.016367035
S100A13,-0.027041415,-0.026412873,0.007644995,-0.061667684,0.00463644
RPS20,-0.05376192,-0.027033132,0.009981524,-0.056466464,0.023703525
COX6A1,-0.05587943,-0.01887306,0.0117076915,-0.057587773,0.03288129
PPDPF,-0.08277304,-0.0526121,0.0136846425,-0.04537471,0.02741355
PTMA,-0.03282843,-0.04545024,-0.011299023,-0.050747365,-0.0025112599
UBC,-0.08915823,-0.004926742,0.022837417,-0.056696136,0.06701942
CD63,-0.003982677,-0.033247996,0.013543325,-0.027768275,0.0057462063
COX6C,-0.018328464,-0.027282104,0.01405441,-0.028468953,0.0191746
RPSA,-0.044952985,-0.016026167,0.0067477464,-0.045534078,0.034788985
FXYD3,-0.036085412,-0.03503247,-0.00096429314,-0.041135747,0.015374289
CYP4Z1,-0.03758786,-0.04226726,-0.00043686392,-0.038636852,0.010256332
UQCR11,-0.042303868,-0.019953648,0.014448304,-0.04336519,0.031465065
CTSD,-0.024816308,-0.027897796,0.0033879608,-0.041556798,0.0142898355
XBP1,-0.00925936,-0.04484928,0.01671833,-0.018945398,0.0049244957
TSTD1,-0.024492808,-0.026602691,0.005727973,-0.035291962,0.019086694
LGALS1,-0.033597603,-0.026370265,0.008734961,-0.044255044,0.019813696
RPL5,-0.047242004,-0.015324603,0.0111578535,-0.036772627,0.043227933
DBI,-0.017360128,-0.032393422,0.0126138665,-0.034629606,0.010963216
CD9,0.0026768697,-0.049100723,0.0061771693,-0.013944386,-0.00405309
EEF1D,-0.03177965,-0.03654903,0.001628651,-0.037943456,0.013297311
RHOB,0.009891754,-0.051493976,-0.0040836185,-0.022326857,-0.016369184
PFDN5,-0.04002355,-0.01764612,0.014469725,-0.043989502,0.0319863
GPX4,-0.0362083,-0.020494744,0.015541848,-0.046122987,0.025928443
HINT1,-0.00932875,-0.053697653,-0.016457036,-0.0254663,-0.009920736
RPL27A,-0.036371414,-0.051957026,-0.013689549,-0.02928439,0.0069229715
HSP90AB1,0.002047862,-0.042653125,0.0003776825,-0.024044003,-0.004519554
PSAP,-0.033674106,-0.023871772,0.012206646,-0.039731063,0.02514999
CST3,-0.03812604,-0.030957762,-0.022833189,-0.034642786,0.022277812
LTF,-0.038526025,-0.017333247,0.0049051954,-0.0442059,0.030690618
PYCARD,-0.018965578,-0.033890095,0.010956061,-0.023330193,0.01804803
TAGLN2,-0.03072903,-0.024501443,0.0016793313,-0.03386935,0.026229223
H3F3B,0.0100543415,-0.046520166,-0.0074782777,-0.005260822,-0.0018278988
ATP5MC2,-0.040808097,-0.023940742,0.008064722,-0.03753884,0.031230431
NDUFA4,-0.03619778,-0.049226567,-0.0060160295,-0.032971963,0.0076721907
CALM2,-0.020513263,-0.05313881,-0.02383646,-0.013636612,0.0052068154
AEBP1,-0.012200604,-0.07635636,-0.0377025,-0.0012210839,-0.013983321
CLDN3,-0.025981812,-0.028318135,0.010571069,-0.028316747,0.02354496
MAGED2,-0.019387055,-0.041377693,-0.018509818,-0.018805172,0.012276525
CD74,-0.021904686,-0.038831353,-0.0015833295,-0.030724656,0.008906626
ITM2B,-0.019888928,-0.030545458,0.0013109712,-0.015496803,0.025442317
TIMP1,-0.00061001076,-0.039596334,0.010177012,-0.024591807,0.00016415429
TOMM7,-0.00059842493,-0.049001455,-0.0143975215,-0.025017716,-0.010248971
TFF3,-0.08272564,-0.08328237,-0.03643197,-0.013287066,0.017247528
TMA7,0.0024583894,-0.04169469,-0.001379759,-0.013374317,0.0028474822
GNAS,-0.02494972,-0.051575862,-0.03164704,-0.023732655,0.0017362194
ROMO1,-0.023092749,-0.03770877,-0.0037090217,-0.00014736848,0.030764028
EIF1,-0.017566482,-0.042379487,-0.010882256,-0.017772552,0.011294211
LUM,-0.05163217,-0.037801735,-0.010283817,-0.03622887,0.02541303
CFL1,-0.017141137,-0.03581844,-0.013786334,-0.01888801,0.016120844
CHCHD2,-0.034149405,-0.031393785,-0.006073649,-0.029265165,0.023793563
SDC1,-0.02537907,-0.044334304,-0.011870549,-0.019238371,0.013424517
SSR4,-0.0046147574,-0.05066568,-0.01727928,-0.016387569,-0.004052436
APOD,-0.035273783,-0.027522627,-0.0024874515,-0.03185808,0.026517162
CRIP1,-0.011197453,-0.030046554,-0.0020865472,-0.030766724,0.010247346
UBL5,-0.007975757,-0.028865514,-0.0042652646,-0.023355026,0.013795511
OST4,-0.04944532,-0.047776356,-0.041938517,-0.025223784,0.019472448
PABPC1,0.0011842169,-0.0681489,-0.017328573,0.0117653515,-0.0046449415
SPINT2,-0.02305374,-0.03772071,-0.0032427544,-0.02019237,0.017160416
S100A16,-0.003852722,-0.07746805,-0.03708054,0.02070818,-0.0056604515
MIF,-0.0124601,-0.033383656,-0.003233361,-0.027218223,0.010402383
NUPR1,0.00040353934,-0.03239296,-0.00735617,-0.017395549,0.009130189
VIM,0.0113379005,-0.07255863,-0.020401854,0.018488497,-0.011464079
UQCRB,-0.014160316,-0.041713197,-0.016515814,-0.011985479,0.013227558
SELENOW,-0.033704218,-0.04931457,-0.033241402,-0.020074258,0.0122261
BTF3,-0.022251248,-0.04020852,-0.030087506,-0.011284919,0.018679857
DCN,-0.020698657,-0.045529503,-0.018971398,-0.01828285,0.009274985
GSTP1,-0.01047789,-0.044311974,-0.007863549,0.02176816,0.030543547
DSTN,-0.020606777,-0.032098625,-0.024825031,-0.031496752,0.011813992
NDUFA1,-0.009419338,-0.057311624,-0.022828728,0.0029813212,0.0046713604
COL6A2,-0.027141942,-0.060220525,-0.015624537,-0.005512818,0.009174172
ATP5MPL,-0.0289398,-0.04053768,-0.008112294,-0.011454169,0.023954216
IGFBP4,-0.0017967146,-0.06859207,-0.034918558,0.016027724,-0.0022641113
COMMD6,-0.017632725,-0.05156953,-0.021132577,0.011334054,0.020618439
NENF,-0.008941826,-0.038799133,-0.025606472,-0.016719718,0.008295774
EEF1B2,-0.012039813,-0.0508453,-0.018180136,-0.0053867744,0.0076919696
MYL12B,-0.02697823,-0.044287942,-0.028182624,-0.017683692,0.014074333
CLDN4,-0.018416464,-0.063967474,-0.037578218,0.0066464148,0.005853042
METRN,0.0005384835,-0.051993858,-0.026543634,0.009256499,0.006777203
SNHG25,-0.005461241,-0.051649027,-0.02306846,0.0010810748,0.0061726253
COX5B,-0.013929282,-0.04443723,-0.027758667,-0.00056497107,0.016318126
EIF3H,-0.016116785,-0.09047255,-0.038243484,0.017565418,-0.011663167
OAZ1,-0.036555942,-0.03565266,-0.02606559,-0.01585715,0.029343225
TMBIM6,-0.020590326,-0.049800877,-0.025725154,-0.009465141,0.0109473625
COX4I1,-0.022642033,-0.05747942,-0.031740565,0.01150909,0.017796887
NDUFB2,-0.0137056885,-0.039678074,-0.01128646,-0.012096474,0.014813546
COL6A1,-0.008794283,-0.039974704,-0.011669055,-0.01049153,0.012082062
DYNLL1,-0.017633248,-0.046525754,-0.0147526,0.0230957,0.033378318
COX8A,0.0056366427,-0.050194148,-0.02124594,-0.0006331858,-0.00017657349
CTSB,-0.0116126295,-0.060512986,-0.026815983,0.0023398115,0.0029677204
ATP5MD,-0.01561098,-0.055220075,-0.02143412,0.0088264095,0.014771226
COX6B1,-0.031836737,-0.051113475,-0.025952227,-0.01833982,0.010979773
PYDC1,-0.008888038,-0.026256494,-0.015546009,-0.010500894,0.024240818
EZR,-0.0073008803,-0.028227214,0.0003852905,-0.020246781,0.016298082
ATP5MF,0.031636838,-0.062963724,-0.023008572,0.012274554,-0.019509917
SKP1,-0.012033491,-0.0473137,-0.015509357,-0.010010247,0.007550287
TIMP3,0.008848777,-0.052469227,-0.02772988,0.007827842,0.00065583026
HNRNPA2B1,-0.004730917,-0.03505853,-0.007443058,-0.0126786195,0.0129132215
S100A9,-0.011901927,-0.031943046,-0.002954385,-0.019551266,0.015813626
TM4SF1,-0.005888899,-0.04483663,-0.007033772,0.013964441,0.022726916
TACSTD2,-0.003468364,-0.038717717,-0.020099875,-0.0059407377,0.012110898
RHOA,-0.008406883,-0.0438667,-0.022099003,-0.0019772167,0.013254277
HSPA8,-0.00037598933,-0.03589662,-0.018324506,-0.009376045,0.010940403
MLPH,-0.008197031,-0.03916364,-0.01591712,0.0046675177,0.021950807
LGALS3,0.018595433,-0.05047557,-0.02688218,0.023750491,0.0064144046
ANXA2,0.005741891,-0.070413604,-0.03250982,0.022610769,-0.004012243
NDUFB1,-0.01085003,-0.04228156,-0.011131697,-0.010811027,0.011153366
FASN,-0.012121214,-0.048146103,-0.032539602,-0.000661447,0.012074735
DDX5,-0.0069857854,-0.051127523,-0.02754883,-0.0026551967,0.0044170665
GUK1,0.0014663847,-0.043356515,-0.011323641,0.0022879143,0.01091948
RPL36AL,0.013951179,-0.08853337,-0.053140827,0.034344178,-0.0191671
ARF1,-0.024480423,-0.05940447,-0.031939846,0.008046928,0.015426975
MMP11,-0.0008424299,-0.053689457,-0.024641007,0.014409908,0.009651457
COX7A2,0.0046274164,-0.05331861,-0.03156963,0.011413138,0.0044890223
CAPN2,-0.011446121,-0.047491606,-0.026489709,-0.0002860024,0.012514306
CALR,-0.0023758903,-0.040646754,-0.02143989,0.001242014,0.014352295
ATP5MG,-0.00733279,-0.04188895,-0.012442509,-0.008279141,0.011149625
NDUFA13,-0.018579397,-0.038138192,-0.035474215,0.009661035,0.031211423
NAA38,0.0044206576,-0.062709324,-0.03268293,0.020395532,0.0021201884
JTB,-0.017411144,-0.07752298,-0.03415662,0.030198716,0.008727737
HNRNPA1,-0.010511338,-0.04054866,-0.01725329,-0.007706228,0.014678019
MGST3,-0.004173198,-0.032386202,-0.0026498446,-0.0027313002,0.021482848
POSTN,-0.020413516,-0.046319935,-0.033082873,-0.005308886,0.015709741
C19orf33,-0.009880943,-0.04035454,-0.018172413,0.004529655,0.02194266
EEF2,0.0073332195,-0.019166972,-0.01675734,-0.008622057,0.021414228
HLA-A,-0.00994857,-0.050049998,-0.028810708,0.0059597227,0.013100035
HLA-B,-0.011827529,-0.045279868,-0.021617927,-0.0069990894,0.011187422
GLUL,-0.005742157,-0.03705719,-0.01841595,-0.0050621983,0.015889497
SELENOM,-0.0034316408,-0.07068884,-0.0390338,0.021555599,4.1862327e-06
P4HB,-0.0042418796,-0.0534854,-0.026819792,0.0037090264,0.0051766615
MTRNR2L12,0.004676461,-0.068911344,-0.032558642,0.03417742,0.005282174
RPL17,-0.0027311747,-0.0384953,-0.01416248,-0.008865071,0.011317376
LMNA,-0.019311529,-0.06964008,-0.042004768,0.0042126887,-0.00017011327
MGST1,0.003065788,-0.029635362,-0.015058425,-0.012886188,0.011875701
SRP14,-0.005028039,-0.04420926,-0.025043726,-0.00037118915,0.011690546
APOE,-0.01243101,-0.028649814,-0.015777964,-0.016857514,0.020253206
STARD10,-0.0072289854,-0.044894554,-0.015450358,0.0012547132,0.014163961
NPW,-0.0029835722,-0.035117537,-0.00952793,-2.1059182e-05,0.0201795
SNRPD2,0.0041434,-0.035280526,-0.020997526,0.00042901252,0.014816913
LY6E,-0.006914767,-0.036432974,-0.027499517,-0.0021154368,0.018370235
HLA-C,-0.0059511308,-0.038554784,-0.015239169,0.0023362206,0.018920984
HSPA1A,-0.0033576712,-0.03771779,-0.022403754,-0.0017982273,0.015488067
SNRPE,-0.012606075,-0.021887798,-0.019157074,-0.01992814,0.023986926
CD81,-0.033783164,-0.04084895,-0.037308905,-0.0074848835,0.027095875
MAOB,0.010678176,-0.042638127,-0.02990008,0.010632907,0.010048762
CRIP2,-0.0063865436,-0.038445342,-0.0214441,-0.0052354047,0.015092563
CD151,-0.0017624823,-0.039960723,-0.023548476,0.0062862826,0.01745224
GATA3,0.0028410163,-0.0630644,-0.020655857,0.025462579,0.006847271
MZT2B,0.001021831,-0.06614158,-0.027105572,0.01746398,-0.00013035056
NDUFA3,-0.016551692,-0.062076245,-0.0393752,0.007407019,0.0070882346
SLC25A6,-0.009700101,-0.031517226,-0.013850008,-0.0022674527,0.025702497
IGFBP7,-0.008212369,-0.051677227,-0.021786766,0.009112791,0.013436923
UQCR10,-0.009794694,-0.042514015,-0.016277418,0.0020492463,0.018484052
TUBA1B,-0.026699817,-0.032319564,-0.017854504,-0.010359843,0.029917799
VMP1,-0.0016157216,-0.062658876,-0.030707566,0.03754529,0.01700076
PCBP2,0.003491735,-0.037611846,-0.024234157,-0.0015988763,0.011360338
DCXR,-0.00833546,-0.04498185,-0.02468225,0.0049199522,0.016513033
REEP5,-0.0074508106,-0.033324625,-0.016376218,-0.0070814714,0.019370375
LDHA,-0.024381194,-0.034761164,-0.035136733,0.009197617,0.03706953
SEC61G,-4.4908666e-05,-0.0426975,-0.021394374,0.00454978,0.013242616
PKM,-0.010184586,-0.031012828,-0.018186437,-0.008623293,0.021583367
RPS17,-0.008728203,-0.04431373,-0.02095934,-0.0011592744,0.013888684
CIRBP,-0.024258882,-0.05571953,-0.03170149,0.0108496845,0.020103564
CD46,-0.0035520105,-0.025189709,-0.018382868,0.009645398,0.03434657
C12orf57,-0.0045949966,-0.04965334,-0.02157205,-0.00079699,0.00636238
IGFBP5,0.014598263,-0.039225798,-0.01338362,0.008531918,0.010210309
APP,-0.009438635,-0.034524795,-0.028260654,-0.012301698,0.015241567
PTMS,-0.0031519888,-0.028483873,-0.019570354,-0.010299401,0.018249461
PGK1,0.0042041973,-0.023557832,-0.02055788,-0.0043394878,0.021845756
HSPE1,0.0015488463,-0.03856351,-0.012327238,-0.0044807866,0.010918139
NDUFB11,0.0020728773,-0.032189313,-0.01218154,-0.004848274,0.01585981
MRPS21,-0.02187666,-0.05833814,-0.028528793,0.0032851028,0.012161912
SPDEF,-0.00022063628,-0.039360836,-0.025714774,0.001823734,0.014176795
BGN,-0.0025220634,-0.050470877,-0.03036577,0.027174467,0.021966035
SPP1,0.0044087633,-0.046555545,-0.017240947,0.01072552,0.01099799
NDUFC1,0.005036333,-0.041408736,-0.029353028,0.014861073,0.017459136
CD164,0.009803135,-0.031371236,-0.01775185,0.00017287895,0.014252466
JUP,-0.0032651213,-0.037187807,-0.026484111,0.0050053922,0.020256728
ATOX1,0.0022205408,-0.0356194,-0.0075684395,-0.0021935755,0.014855315
HSP90B1,-0.0024038642,-0.0579168,-0.036182694,0.034613952,0.019479115
NDUFB7,-0.0003096933,-0.043705065,-0.018528933,0.0075356606,0.0146371275
ATP5ME,-0.0063606333,-0.03955387,-0.011213989,0.01886837,0.029901015
COX7B,-0.001515522,-0.031995166,-0.017285086,-0.0063508507,0.0170696
NDUFA2,0.005736172,-0.036736768,-0.015037589,0.011924688,0.019771298
ANAPC11,-0.0051427027,-0.046009425,-0.02616913,0.007356119,0.015176923
FMOD,0.010069363,-0.032274254,-0.03565795,-0.009973602,0.005745226
NDUFB4,-0.010093687,-0.026124641,-0.004461226,-0.005157196,0.029305398
MT-ND5,0.006918932,-0.020074643,-0.024895895,-0.0023576485,0.024190372
NME3,-0.0148678,-0.051549878,-0.022692911,0.0032346505,0.0137596615
HMGN1,-0.008915717,-0.028072275,-0.032711886,0.0009401281,0.028324783
TXNIP,0.007839565,-0.02232717,-0.010110586,-0.006039861,0.020163693
TRMT112,0.007521793,-0.03808127,-0.012761895,0.007423697,0.01496297
COPS9,0.018424371,-0.030800352,-0.01590769,0.01308662,0.017679786
VAMP8,-0.0020885456,-0.033201613,-0.013941114,-0.0076008486,0.01577913
IFITM3,0.020639285,-0.034687366,-0.009883542,0.011612342,0.012637294
SEM1,0.0099206325,-0.03268212,-0.022182997,0.0060217464,0.016844753
PRSS8,-0.0027955684,-0.040630188,-0.029084636,-0.0079905735,0.008471705
CSTB,0.02512866,-0.01946844,-0.0016386376,0.00073830254,0.017200932
ZG16B,-0.0068454607,-0.026578793,-0.009848327,-0.0049541052,0.026995104
SELENBP1,0.012733904,-0.034057647,-0.020655707,-0.0024877395,0.008497627
NDUFC2,0.011450971,-0.037218362,0.0005845754,-0.008333881,0.004322478
PSMB4,0.004644685,-0.01458414,0.0039327377,-0.0023810826,0.032550167
SSFA2,-0.0063643083,-0.026610775,-0.0124196885,0.00032261733,0.029559026
SRP9,0.009343337,-0.030440426,-0.012435702,-0.0048520183,0.013220602
DEGS2,-0.0037184104,-0.03743416,-0.017612243,0.0037687186,0.01997358
NDUFB10,0.0049005277,-0.031583894,0.0042598974,-0.001256178,0.018088479
MUCL1,0.0063802395,-0.018567618,-0.006141525,-0.0070199324,0.024184573
KRT10,0.004513257,-0.03591376,-0.016841028,0.0072624036,0.017900344
FIS1,0.009277303,-0.028549641,-0.016314998,-0.0014288829,0.016271003
ERBB2,0.008783041,-0.012104117,-0.013916015,-0.002162725,0.030976536
ZFP36L1,-0.0018167226,-0.032933544,-0.02182216,-0.0058735535,0.016057506
TXNDC17,0.0010326094,-0.04118373,-0.023662554,0.0020980542,0.012254193
PRDX5,0.0031073513,-0.027210424,-0.012346454,-0.008183807,0.01754058
RABAC1,0.005085854,-0.035842836,-0.03234015,0.0033638866,0.014679522
HLA-DRA,0.015101751,-0.037270207,-0.019629495,0.0073915515,0.010491104
PRDX2,-0.0029197189,-0.039445195,-0.016675819,0.004685108,0.01860487
CLDN7,0.01758103,-0.028302768,-0.004046693,0.0064419294,0.017532837
TMEM258,0.010420276,-0.037932545,-0.020550305,0.0052117263,0.011392446
DHCR24,0.0055673853,-0.014090589,-0.013137247,-0.022741824,0.018162498
ZFAS1,-0.0001367431,-0.033505708,-0.014323861,0.016950531,0.030128997
HNRNPK,0.011428154,-0.010681843,-0.01765439,-0.004124457,0.02902543
TAGLN,0.0022926168,-0.03839678,-0.017220896,0.0051949006,0.016055588
YWHAE,0.001834204,-0.045563336,-0.031292535,0.0064686188,0.009765063
SSR2,0.002635028,-0.035377692,-0.012585458,-0.0049750786,0.01285618
AHNAK,0.0057881535,-0.03225832,-0.017010208,0.008017518,0.02145393
MYL9,0.0066003944,-0.018985419,-0.022551851,-0.001954423,0.025914438
SCD,-0.020002238,-0.013829074,-0.01941637,-0.009103528,0.042137977
PSME1,0.0051739938,-0.037752986,-0.012525007,0.0062855356,0.016117604
BST2,0.006210955,-0.025869006,-0.0033195992,0.005107571,0.026030974
TUFM,-0.0059796697,-0.027870758,-0.00814123,-0.007169799,0.023443976
CTNNB1,0.016995186,-0.023406433,-0.009926464,-0.010886104,0.01070112
PSMB3,-0.01535484,-0.00440156,-0.0113380235,-0.013423904,0.046172068
IGKC,0.03389245,-0.03605779,-0.021886274,0.01803642,0.0060648336
WDR83OS,0.0040654177,-0.037349522,-0.018264573,0.007141693,0.017097464
NDUFA11,-0.0031024823,-0.031512436,-0.022409096,0.00082447636,0.022314288
COMP,0.009131967,-0.03045408,-0.013750071,-0.010727242,0.008885801
TMEM256,0.00059230684,-0.03154399,-0.021104254,0.0021988458,0.02164624
SLC25A3,0.009304475,-0.011246666,-0.010904417,-0.007811155,0.0278652
TPI1,-0.0006409308,-0.040351536,-0.023431577,0.003577522,0.014625915
GSTK1,0.01614857,-0.038177215,-0.015806438,0.01066175,0.011375974
SUMO2,0.012860646,-0.018808246,-0.0242241,0.007806322,0.027813034
LAMTOR4,0.0058825696,-0.02840747,-0.024992047,0.0069480506,0.023242751
PEBP1,-0.0016920277,-0.03321931,-0.011851665,-0.0008082111,0.019704178
NOP53,-0.000777825,-0.0353898,-0.031063253,0.007772573,0.021186601
LAPTM4A,0.0023492163,-0.028681695,-0.00075321883,0.016512634,0.033289827
FLNA,-0.0010838815,-0.028452026,-0.01785059,-0.0036909718,0.021429783
HNRNPC,-0.0118812015,-0.031963855,-0.0126349265,0.004686322,0.030842673
NDUFS5,0.016063109,-0.03300186,-0.0138369175,0.0022725763,0.010714826
FUS,0.002470473,-0.04055571,-0.02847382,0.020816317,0.02332755
YWHAZ,0.004958946,-0.010971704,-0.011954979,-0.014167947,0.026923638
ATP5PF,0.030746657,-0.02842662,-0.013050869,0.01009826,0.01049837
EDF1,-0.00019887999,0.003252744,-0.008437777,-0.020512966,0.03878457
RBM3,0.010244994,-0.03069216,-0.0112980995,-0.003169124,0.013404339
TOMM20,-0.018498428,-0.01605212,0.0016395557,-0.016931426,0.03621344
NDUFB9,0.012503068,-0.02896029,-0.021241263,0.0023176433,0.016418478
NDUFS6,0.014142912,-0.02255621,-0.011445769,-0.0057179267,0.016317505
NPM1,0.008134361,-0.029346159,-0.013780217,-0.007975124,0.012630754
ARPC3,0.00974879,-0.041257076,-0.017904676,0.011384454,0.013101994
SLC9A3R1,-0.0028143271,-0.009407245,0.0006833907,-0.014360918,0.033672374
RPS27L,0.004588803,-0.038940974,-0.008706901,0.0012263926,0.012328185
COL12A1,0.010493252,-0.023145823,-0.0129022915,-0.0006511548,0.02106645
TSPO,-0.016667843,-0.050572418,-0.019421998,0.025802704,0.03040527
ENSA,0.008282909,-0.021327931,-0.014461493,0.013614405,0.033236336
TBCA,-0.004436002,-0.029657165,-0.023097508,0.00041424768,0.02467219
HNRNPU,0.014115607,-0.03060724,-0.032490604,0.0151795875,0.020607969
SQSTM1,0.009065398,-0.027737847,-0.019338472,0.0054637566,0.021287847
CD99,0.0024282793,-0.0071548363,-0.019449998,-0.025941892,0.023754438
TNFRSF12A,0.0037408015,-0.034274243,-0.011293901,0.002278838,0.017690202
CEACAM6,0.036533777,-0.016006367,-0.018454613,0.006493456,0.015019772
TPM4,0.0049088816,-0.022448324,-0.010971588,-0.0022964538,0.024310028
ATP5PD,0.013630687,-0.028428363,-0.021777945,-0.000608041,0.014153337
CTNNA1,0.016495807,-0.027685726,-0.018752655,-0.00693925,0.009028093
GTF2I,0.002036345,-0.0198678,-0.014032139,-0.0078009507,0.024819396
HMGB1,-0.018898051,-0.01845947,-0.0074070403,-0.019550709,0.032274976
H2AFJ,0.009343814,-0.01793734,-0.00037399857,0.0050066398,0.031392712
PRDX1,0.01125633,-0.028061636,-0.02182079,0.0013766235,0.017078131
SOD1,-0.0137363775,-0.029092906,-0.014023298,-0.009088754,0.02569379
PET100,0.0018414228,-0.016843172,-0.010998166,-0.010135332,0.026524926
ASAH1,0.006468335,-0.0140776085,-0.011288965,-0.008805539,0.026530245
ATP5F1D,-0.001438045,-0.036445577,-0.0035708358,-0.0002750901,0.017648073
ENO1,0.04021868,-0.028027764,-0.010668497,-0.0012309006,-0.0019098868
ATP5F1B,0.0014781395,-0.020205868,-0.009931337,-0.0088106785,0.024840634
AGR3,0.007966627,-0.033247586,-0.01899145,0.009458596,0.019985568
RHOC,0.0071309335,-0.04463717,-0.02620261,0.030258879,0.02318407
TRIR,-0.00090976263,-0.030397326,-0.0035677596,3.2533982e-05,0.022902146
APLP2,0.00030655172,-0.03694849,-0.027071374,0.009970262,0.021004964
YWHAB,0.010650005,-0.028472578,-0.0045924946,0.015839303,0.027725616
BSG,0.011515029,-0.013253169,-0.01149971,-0.01467729,0.020463146
TUBB,0.00890651,-0.032463185,-0.014412809,0.00952006,0.020367013
PPP1R14B,0.014715348,-0.03664334,-0.014483612,0.016421953,0.017186727
SARAF,0.008860256,-0.013282504,-0.0150592625,-0.009264208,0.02528719
NORAD,0.018993236,-0.032494698,-0.031632688,0.007946032,0.01162647
MUC5B,0.012585802,-0.0021882139,-0.013592824,-0.015176101,0.029020773
C19orf53,0.0015550336,-0.028069677,-0.012788982,-0.0013866535,0.02205083
SRRM2,0.013504362,-0.03656966,-0.014926678,0.013579476,0.016430367
CYB5A,0.007591076,-0.022834701,-0.006687521,-0.0040073586,0.021866195
PCBP1,0.004670355,-0.026104406,-0.025895039,1.6815446e-05,0.021482833
GNB2,0.009637495,-0.020317618,-0.01977852,0.0014375832,0.025023118
S100A1,-0.00810768,-0.016466456,-0.015929908,-0.009328735,0.033233374
CTGF,0.0015421398,-0.013959848,-0.012535299,-0.00461641,0.03258642
PERP,0.010913276,-0.032940812,0.0056115976,0.009252448,0.019665841
RAC1,-0.010742165,-0.027851759,-0.023506483,-0.0073127192,0.025356531
NDUFS8,-0.0049956716,-0.012522193,0.004681017,-0.012651678,0.03396943
SELENOH,0.01931998,-0.026792226,-0.009336494,0.005248694,0.016555244
EIF4G2,0.0028067739,-0.026217934,-0.012083098,-0.004041271,0.021323621
EFHD1,0.02288084,-0.035257053,-0.018257547,0.0128658535,0.010912467
KRTCAP2,0.0034559492,-0.036689855,-0.022242272,0.011775944,0.02112473
SNHG8,0.0020481662,-0.03530277,-0.027000185,-0.010980875,0.0080658905
CUTA,0.0076676994,-0.013732597,-0.01393828,-0.0045629996,0.02870423
C19orf70,-3.0569263e-05,-0.023012543,-0.0067367773,-0.015486826,0.019214189
PPIB,0.01818968,-0.012208995,-0.005817814,0.0010682509,0.027578669
FXYD5,0.0026086322,-0.010421876,-0.009746993,-0.021425165,0.024653012
NEDD8,-0.004388022,-0.04322536,-0.010007154,-0.0034125983,0.011556493
ZFP36L2,0.01716023,-0.029200278,-0.017926427,0.0043601682,0.014702755
RTN4,0.0063561844,-0.025874518,-0.011286161,-0.007910095,0.016987849
DUSP4,0.040474225,-0.011706873,-0.015682701,0.006382237,0.01648808
CANX,-0.001643848,-0.008495996,-0.004656134,-0.009849975,0.03640412
MYH9,0.0016415549,-0.01952012,-0.0056495387,-0.0058819815,0.027303044
CALM1,0.022457631,-0.033952855,-0.019481322,0.0016983137,0.005156842
RARRES3,-0.0008816787,-0.029416278,-0.021762116,-0.012821954,0.014530678
CD59,0.009855314,-0.014889765,-0.017750122,-0.0177592,0.017681854
SUB1,0.022215782,-0.009931525,-0.0042432016,0.00030588807,0.027018543
ACADVL,-0.00029187245,-0.026104853,-0.019276489,-0.003576842,0.02302348
PSMA7,0.028805928,-0.010025357,-0.00027964925,-0.013226465,0.014066993
SYNGR2,0.031625412,-0.010852089,-0.016840251,0.0010480612,0.019080656
TFF1,-0.012658965,-0.0268479,-0.019622575,-0.0078007737,0.027280115
NUCKS1,-0.002354531,-0.033240154,-0.012336115,-0.0016976434,0.020060446
TCEAL4,0.024507696,-0.025232317,-0.023716874,0.009226609,0.015884226
ATP5F1A,0.016069414,0.024421118,-0.01589115,-0.021823686,0.04576438
TXN,0.004655182,-0.016916942,-0.006610819,-0.008203235,0.026025647
TSC22D3,0.024099763,-0.0094054,-0.00095512974,-0.004178007,0.023435727
ZNHIT1,0.0125934025,-0.009373367,-0.002035549,-0.004040702,0.030574141
UBA1,0.0034586585,-0.018056054,-0.0033684345,-0.0049018934,0.02835166
NDUFAB1,0.010381647,-0.019428594,-0.008718519,0.0004092224,0.025414903
H1FX,0.011376668,-0.019079221,-0.013953427,0.015969828,0.034736406
CAPNS1,0.0018661517,-0.030233253,-0.0051820367,-0.0017007325,0.020354686
MYL12A,0.019337103,-0.010056523,-0.0006445052,0.002146223,0.029873775
PDIA3,0.020193262,-0.032770302,-0.013498743,0.015817588,0.016982274
AES,0.016916197,-0.030385612,-0.00801887,-0.0015249377,0.010545554
COL6A3,0.004315558,-0.0098816035,0.0044145356,-0.010894453,0.031665213
NHP2,-0.010525266,-0.0030769212,-0.008134572,-0.010471375,0.04623112
CREB3L4,0.011459127,-0.019114528,-0.008139638,-0.0047938214,0.022119457
ARL6IP4,0.029774763,-0.032581326,-0.0207629,0.00353082,0.0028129853
SREBF1,0.0136085125,-0.004038302,-0.021532305,-0.009444994,0.029986849
SH3BGRL3,0.014407323,-0.02714646,-0.01960407,0.0024521723,0.01701201
CAPG,0.025495457,-0.0129737165,-0.014673814,0.007251189,0.025653968
VDAC1,0.008226997,-0.022066917,-0.013414543,-0.0062143956,0.02008536
AP2S1,-0.005465817,-0.019770952,0.00033396427,-0.0053108456,0.031940617
DDX17,0.013339184,-0.01738096,-0.0068278783,-0.00073955837,0.024935031
DSP,0.029150171,-0.010186168,-0.0101261735,0.021801403,0.03540765
GRN,0.014866449,-0.01937435,-0.010978756,-0.008429723,0.017273944
CLIC1,0.008354461,-0.023872413,-0.023277694,0.008199769,0.026634905
CRACR2B,0.0074845324,-0.029260958,-0.015073119,0.0053213886,0.021454584
KDELR2,-0.0010052955,-0.018595703,-0.0051685455,0.0028647173,0.03510129
LAMTOR2,0.023478014,-0.01530012,-0.008920043,-0.008786436,0.01513022
MORF4L2,0.009358418,-0.017621929,-0.011356875,0.022490589,0.04157221
NAXE,0.0044071935,-0.032913797,-0.027251542,0.002804972,0.017353399
ARHGDIB,0.004831413,-0.028686166,-0.010618485,-0.0032710976,0.018651178
TSPAN13,0.018941965,-0.024139933,-0.025538977,0.0057010013,0.018008724
HNRNPH1,0.009311262,-0.012113144,-0.009834954,-0.0020326583,0.031029124
TMEM219,0.008221833,-0.009378996,0.007913191,-0.009478055,0.030612784
CCND1,0.014944238,-0.004129187,0.009293063,-0.00080219854,0.036608562
NME4,-0.00033853765,-0.019703591,-0.010001728,0.0014971984,0.032476448
BLVRB,0.013016073,-0.012124698,-0.009844842,-0.009396505,0.024208698
VPS28,0.0011997182,-0.0049690315,-0.00727392,-0.020555308,0.030810248
SNRPG,0.012105056,-0.024078254,-0.020295046,-0.0042586615,0.016165966
EIF3K,0.010089819,-0.022598797,-0.025140692,0.0049527674,0.024551414
HSBP1,0.022021167,-0.012516282,-0.012138134,-0.0014046576,0.022938468
RAB5C,-0.007429603,-0.030358873,-0.018269379,-0.0021674084,0.024764016
TMED3,0.004708891,-0.005184107,-0.001601659,-0.018545698,0.030179944
APRT,0.02095056,-0.015745172,-0.024377882,-0.0060874033,0.016766708
IFITM2,0.010231972,-0.006023199,0.0030304266,-0.009210979,0.032143373
SLIRP,0.010002356,-0.01698752,-0.006470014,-0.00841973,0.022450669
HMGN2,0.005206142,-0.027261434,-0.022527128,0.0012698643,0.021625638
ASPH,0.0037676177,-0.02193673,-0.019067537,0.0039858934,0.029145835
LAMB2,0.003986544,-0.009262008,-0.012201086,-0.006011355,0.034466196
TMED10,0.02253468,-0.029966494,-0.0031459255,0.018269513,0.020303112
EMP2,0.0070545045,-0.019155145,-0.00629252,0.0019926704,0.028702918
HDLBP,0.013184632,-0.01439488,-0.0050497428,-0.011876764,0.020868551
CSNK1A1,0.008098264,-0.005309218,-0.014735645,-0.020082435,0.026100487
CLTC,0.0259131,0.0006080322,-0.0064320415,-0.004108087,0.03103058
SLC9A3R2,0.016598033,-0.008841933,-0.011881803,-0.009864619,0.024187261
TAPBP,0.02993189,-0.0069238767,-0.014465919,-0.0048759854,0.020393053
ECM1,0.008716739,-0.024432866,-0.0041487417,0.019241113,0.034390952
PPP4C,0.01928803,-0.013835306,-0.0066658594,-0.006373868,0.020690333
PARK7,0.020132612,-0.0032556562,-0.021180708,-0.0062875017,0.028697994
GRINA,0.018204631,-0.017745562,-0.00560487,0.009599687,0.028022416
HIGD2A,0.022449944,-0.027704464,-0.008213754,0.0018375742,0.011677672
ATP5MC3,0.012880327,-0.020209594,-0.013671518,-0.0013337513,0.021486469
BCAP31,-0.0029375728,-0.031215522,-0.018361636,0.003964229,0.025158541
LAMP1,0.013124996,-0.00842085,-1.8908611e-05,-0.004905986,0.03073519
FAM173A,0.018262913,-0.020337623,-0.015951784,-0.0007664006,0.01849805
MAL2,0.006118596,-0.025211563,-0.017827261,0.003283166,0.024353372
CCT3,0.005201509,-0.012329222,-0.011968595,-0.0062396834,0.03068797
MT2A,0.018385889,-0.018187603,-0.015321312,0.0053149583,0.023974188
PLXNB2,0.0201822,-0.014960691,-0.009301585,-0.0072411285,0.018148722
ADAM15,0.036458433,-0.023705792,-0.022148166,-0.0024485656,0.0023629668
TUBB4B,0.026438698,-0.023288595,-0.013655384,8.638508e-05,0.011276654
BRK1,0.021340257,-0.021944884,-0.013293906,0.01320433,0.02413677
CENPX,0.008842237,-0.015807938,-0.016127583,-0.0022061865,0.027640922
ATP6V0E1,0.012520849,-0.020832352,-0.020263048,-0.0054505006,0.018330058
SFRP2,0.0064918883,-0.026202869,-0.016339844,0.0027562513,0.022935674
LGALS3BP,-0.00045191092,-0.021544572,-0.018763693,0.004198261,0.032060754
SPCS1,0.017973902,-0.039940268,-0.016638936,-0.002218141,0.0005094602
HSPA9,0.015731752,-0.011351974,-0.007314211,0.015761001,0.03919993
NDUFS2,0.010502879,-0.023418656,-0.018012948,0.0066787526,0.025491431
CITED4,0.013202008,-0.018398732,-0.0131126605,-0.006834,0.019750549
JUNB,0.018804574,-0.03270157,-0.0091787595,0.009206733,0.014274116
BMPR1B,0.0147020435,-0.016603665,-0.007597241,-0.005630866,0.021228734
SYPL1,0.031034874,-0.009440068,-0.0104850605,-0.006410324,0.01661074
TAF10,0.010718468,-0.008777977,-0.00912086,-0.0070772604,0.029924659
ALKBH7,0.002444663,-0.026878823,-0.0076446747,-0.015214859,0.014210667
SCCPDH,0.02438822,-0.014104724,0.00011249183,-0.0071701417,0.01680144
ATP1A1,0.03323343,0.00342754,-0.017134275,-0.012353805,0.022879751
UQCRH,0.009479539,-0.016159466,-0.014556398,-0.005174251,0.02525296
TMCO1,0.012595641,-0.0011669246,-0.0027929118,-0.012505747,0.03239482
IRF2BP2,0.024129258,-0.0011155829,-0.0093799485,-0.008360221,0.02721966
RPN2,0.013535279,-0.006755895,-0.0106733395,-0.009483362,0.027925465
XIST,0.029604504,-0.002959309,-0.0118098585,-0.011928276,0.020004796
UFC1,0.013679018,-0.030189048,-0.022349102,0.013758223,0.021183753
COL5A2,0.010066946,-0.030697165,-0.019623138,0.015312765,0.024420127
DAD1,0.009915595,-0.013265691,-0.0028043073,-0.006402479,0.027405605
ATP5PO,0.011145426,-0.023966547,-0.015166185,-0.0074901693,0.015688404
EIF4B,0.010599196,-0.014518125,-0.009272283,-0.009702115,0.023429822
METTL26,0.022300791,-0.02210815,-0.009777167,-0.0016607733,0.014108438
TPM1,0.013584198,-0.017685356,-0.008699175,-0.004881818,0.02184725
SLC12A2,0.026647968,-0.013747867,-0.014813006,0.007399453,0.024176478
COL11A1,0.016377553,-0.007426999,-0.0042264415,-0.012451143,0.024506921
MDH2,0.037164666,-0.015214154,-0.0038164384,0.011655851,0.020199448
PHPT1,-0.0004463721,-0.029978015,-0.027794862,-0.0011875863,0.020989548
TIMP2,0.022978133,-0.015313076,-0.014741359,-0.0046518804,0.01750401
SDHC,0.01704202,-0.012378936,-0.0028225055,-0.010369922,0.021497643
RAN,0.02627076,0.0036213216,-0.011460062,-0.0055981344,0.03167725
PTPRF,0.014273027,-0.0042484077,-0.015899118,0.007899842,0.040759575
HCFC1R1,0.011116635,-0.021972474,-0.0060532405,0.0013641403,0.023667898
S100A4,0.0134892445,-0.026014071,-0.032439042,-0.001737858,0.014943886
TMEM9,0.015325609,-0.012351968,-0.007960557,-0.004640583,0.02578603
NME1,0.030350434,-0.0094974805,-0.011085891,-0.001770956,0.020034952
MRPS34,0.018869871,-0.007743076,-0.018906342,-0.010754505,0.022652846
BLOC1S1,0.01144136,-0.019546377,-0.013055822,-0.0035903903,0.021763625
MRPL24,0.0092730755,-0.020453125,-0.013184324,-0.006210121,0.020961136
KLF2,0.009016753,-0.029894842,-0.019621147,0.0014453238,0.016816776
CAPN8,-0.013152228,-0.022204105,-0.009183246,-0.005624027,0.033777863
SLC25A5,0.01118728,-0.0050746407,-0.0021162324,-0.0045649535,0.034531135
TECR,0.011452115,-0.019326871,-0.011094636,0.0018923339,0.025891505
NDUFV2,0.013523345,-0.016213743,-0.0127809495,-0.007180974,0.021695232
GSN,0.019335853,-0.016748078,-0.013619592,-0.005539902,0.018260507
KRT23,0.010209816,-0.03059973,-0.0018144816,0.0022219014,0.01719633
S100P,0.028089778,-0.027458185,-0.021537654,0.00877641,0.011744227
BCL7C,0.02966808,0.0075573833,-0.0030765766,-0.02475451,0.021722177
ERGIC3,0.008756688,-0.004181885,-0.007149416,-0.012699079,0.031785734
GADD45GIP1,0.01959607,-0.008029878,-0.0111360615,0.0056657214,0.033009794
MARCKSL1,0.008384356,-0.034126386,-0.00907402,0.0018043029,0.014917007
PBX1,0.031049281,-0.01377914,-0.020798152,-0.0062341597,0.012479354
SF3B6,0.013671517,-0.016270751,-0.006172235,-0.0062758476,0.022005476
NDFIP1,0.010521399,-0.013344765,-0.003378782,-0.011471171,0.023634676
UQCRC1,0.019731214,-0.011225926,-0.009534828,-0.019086441,0.014444166
MRPL51,0.007647073,0.014714654,0.0033053877,-0.018068004,0.046563186
PTGES3,0.019441785,-0.027093008,-0.0141431885,0.0051000845,0.015836667
SH3BGRL,-0.0008156399,-0.005516548,-0.011159396,-0.008927987,0.038838953
COX17,0.02466727,0.0019038427,-0.00846774,-0.0063893893,0.03075494
C1QBP,0.020789372,-0.011179564,-0.014549305,-0.010310824,0.019200634
CD44,0.025441226,-0.0069060046,-0.012560399,0.0054435814,0.029961001
TMEM59,0.020730212,-0.00010443542,-0.0069867107,-0.014781055,0.026562465
ATP1B1,0.009369466,-0.029415976,-0.021913556,0.006625092,0.02047854
PSMB6,0.008248632,-0.0030576861,-0.010820782,-0.017061297,0.030217513
ACTA2,0.04056798,0.010892518,-0.0073630055,-0.0043351487,0.030566681
MMP2,0.006965457,-0.0144265415,-0.0146201495,-0.005935056,0.027251713
FOXA1,0.014833324,-0.010665829,-0.011687424,-0.017728211,0.018574705
TMEM141,0.013810777,0.000659611,0.0017286503,-0.01364983,0.0330111
UBE2D3,0.027956404,-0.010070241,-0.011056799,0.004799527,0.025548905
C4orf3,0.004523595,-0.018936077,-0.010297113,-0.007987348,0.02418465
C9orf16,0.025242193,-0.0029849363,-0.013182425,-0.00831404,0.024839347
PSMB1,0.014376681,-0.008635989,-0.01274615,-0.0064594173,0.02783705
TRPS1,0.021666389,-0.01855313,-0.012919792,0.0002702456,0.018809898
BANF1,0.009072562,-0.02909068,-0.025251603,0.0065347413,0.020408157
TMED9,0.020082619,0.004915325,0.0007376703,-0.0020168093,0.040008184
TMEM205,0.02601406,-0.0078089456,-0.011119423,-0.0064353202,0.021365544
GPRC5A,0.03008877,-0.0009842989,-0.008284362,-0.014733671,0.019734751
PLEC,0.011824281,-0.022741897,-0.011533407,-0.0031457266,0.019224675
APOC1,0.011089544,-0.0022337723,-0.023665138,-0.011886395,0.031091267
YPEL3,0.014033741,-0.005617588,-0.022011109,-0.0010997369,0.03346699
MYO1C,0.016286524,0.006826341,-0.012892767,-0.019788325,0.031735122
THBS1,0.020585801,-0.012900578,0.0052979197,-0.0045849457,0.022536231
PPP1R1B,0.01870255,-0.023152905,-0.0053249993,0.0029839696,0.019072542
LSM7,0.024951322,0.0033676291,-0.002352568,-0.02285508,0.022086574
ITGB5,0.011708431,-0.01046712,-0.009115316,-0.0062539815,0.028370554
HNRNPA3,0.014223989,-0.0009978926,-0.0015820685,-0.00524449,0.03651435
CIB1,0.034715045,0.0104238475,-0.008421108,0.00016672433,0.036728565
ARL6IP5,0.024031043,0.008673699,0.0022201505,-0.025635747,0.025998803
SRSF9,0.011685144,-0.028388942,-0.010811108,0.0005432376,0.016976217
SCAND1,0.019710444,0.011605866,-0.0029715227,-0.017280523,0.036225934
MRPL57,0.022705842,-0.026129572,-0.014632779,0.0030768195,0.01305879
LMAN2,-0.0020414286,-0.0406844,-0.017091243,0.030111294,0.032805216
COL10A1,0.040711503,0.018954815,0.0027275544,-0.011426059,0.033674657
C8orf59,0.011806501,-0.0043302416,-0.00097332365,-0.008560933,0.033129606
NTN4,0.017364634,-0.010601008,-0.009095407,-0.00955967,0.022728844
SMIM26,0.03055744,-0.020011956,-0.0104905125,0.0021646246,0.01317399
HNRNPDL,0.026982877,0.008887756,-0.0053749816,-0.009409936,0.03410628
EFNA1,0.036937386,-0.00016348176,-0.010927465,-0.0021122606,0.023956113
CEBPB,0.013235857,-0.011694519,-0.012068872,-0.001536076,0.029049525
PGRMC1,0.02362314,-0.017571,-0.016803043,0.00221381,0.019510917
RNPS1,0.014652326,-0.0036871058,-0.012749942,-0.015602235,0.026260844
CNN3,0.02505569,0.022278938,0.004826285,-0.022622932,0.03928944
PRDX6,0.028416246,0.0011911665,-0.010180494,-0.0099394955,0.025577666
ELF3,0.009541412,0.010849433,-0.010716057,-0.014790329,0.042881142
ATP6V1F,0.0064765257,-0.020013208,-0.01434424,-0.0016486305,0.026000291
PRELID1,0.015267903,0.0013093618,-0.0110033965,-0.02270848,0.02606445
SAP18,0.013187731,-0.008592228,-0.007937975,-0.0053535546,0.030096985
STUB1,-0.0044193747,0.0033605627,0.009553445,-0.022665612,0.041577794
ARHGDIA,0.028307071,0.014570696,0.008462587,-0.026585855,0.028448045
PPA1,0.036326684,0.014105453,-0.0056465357,-0.0153497625,0.029115058
EIF5A,0.012919268,-0.013563057,-0.00524726,-0.0085662985,0.023573961
SNRPB,0.011486491,-0.008092871,0.007108731,-0.0019853048,0.034476336
TSC22D1,0.01912416,-0.0057411725,-0.011297952,-0.008708179,0.02592441
C3,0.015892232,-0.0012835894,-0.00608335,-0.022543883,0.023382278
COA3,0.018115886,-0.021899732,-0.019730343,-0.0039615575,0.014842008
SDC4,-0.001970485,-0.020695036,-0.014526672,-0.011214899,0.024305426
DDR1,0.01748854,-0.0154818455,-0.007093442,-0.011649324,0.016889887
COL5A1,0.030452216,0.015611286,-0.0074060583,-0.014567014,0.0343096
RBM39,-0.0011936012,-0.0026601346,-0.005030272,-0.008529637,0.042191707
CERS2,0.021963563,-0.013754636,-0.008103885,-0.007526699,0.018237948
PHLDA3,0.039927304,0.014885749,-0.006979115,-0.021095151,0.023539964
THBS2,0.022817113,-0.012536394,0.0031597763,-0.0038531674,0.021918869
PRDX3,0.017077863,-0.011118667,0.0012276252,-0.0029901655,0.027119266
NONO,0.024289463,-0.008574402,-0.005207195,-0.0076585542,0.021511119
EIF4A1,0.015406495,-0.0040663625,-0.010121808,-0.003962713,0.03280715
DPM3,0.015983116,-0.006642429,-0.005359462,-0.0075032236,0.02861496
NDUFV1,0.027747272,-0.006355121,-0.009781475,-0.00014466554,0.025965596
POMP,0.019218996,0.0068202107,-0.014133607,-0.02005558,0.029762218
FBLN1,-0.0038791662,-0.019496532,-0.019201634,0.00543834,0.03690206
TOB1,0.011261569,-0.022040889,-0.017625084,0.0075638313,0.026535261
POLR2J,0.025607668,0.012831557,-0.007953734,-0.0103807915,0.037828095
ILF2,0.0063554216,-0.009109257,-0.013414045,0.005223543,0.039824832
LRRC26,0.024881665,-0.014823289,-0.012589643,1.4114906e-05,0.019998934
ATP5MC1,0.015374378,0.014682459,-0.005008034,-0.028602336,0.033986576
MRPL52,0.008363611,-0.017917184,-0.014197554,0.0032755176,0.029490497
ATP6AP2,0.04067225,-0.022320183,-0.019183671,0.012910564,0.01119138
NPC2,0.019024411,-0.01455856,-0.007299024,0.0041162358,0.026864508
SEC61B,0.020258956,-2.8557617e-05,-0.012486635,-0.02031146,0.023173105
TFAP2B,0.012345785,-0.018206887,-0.012283585,0.0043191877,0.027720671
IRX2,0.022287717,-0.00219201,-0.011300834,-0.008392971,0.027353114
RARRES2,0.03555182,-0.0077492124,-0.0040577496,0.0011033837,0.020731203
CHMP2A,0.033066384,0.016213166,-0.0011660571,-0.030032929,0.024199013
MORF4L1,0.03642429,0.015583049,-0.00186937,-0.013795389,0.031619564
ATP6AP1,0.012862401,-0.01824932,-0.012534957,-0.00076137454,0.023968466
PMVK,0.021546371,6.537395e-05,-0.006388271,-0.011314959,0.028270002
GNG5,0.015659908,-0.014793366,-0.004231097,-0.011650378,0.018756716
JUND,0.03650583,-0.0071894396,-0.004022853,0.0048921867,0.02302903
TPM3,0.0012412199,-0.009080976,-0.012158025,-0.009885427,0.0335793
CDC42,0.012667949,-0.0049461634,-0.015439817,-0.013477317,0.027507318
RAB13,0.0260343,-0.00879909,-0.0073761684,-0.00028901192,0.024789907
TMED2,0.029181074,0.0141214,-0.010058824,-0.017387066,0.031633653
LITAF,0.028226588,-0.0062507545,-0.0059014778,-0.0064776205,0.02172532
GALNT6,0.011839471,-0.0071222447,-0.010853827,-0.009631268,0.029044652
SERP1,0.01922713,-0.0077510937,-0.012706626,-0.0047767013,0.026510691
PPP2R1A,0.010703125,-0.021892967,-0.015601223,0.011806406,0.030084498
NPDC1,0.02027483,-0.0033789661,-0.010806619,-0.013143594,0.024627183
CYBA,0.008164249,-0.013966015,-0.0053356723,-0.0106073525,0.025124261
PRPF8,0.020761803,-0.0068924963,-0.013833939,-0.006924186,0.025056716
PGAM1,0.033118557,0.0072125616,0.0007438003,-0.011264027,0.028039338
ACTN4,0.023614129,-0.012049609,-0.01555685,-0.0045808027,0.020129925
MAGED1,0.037801065,0.0012483614,-0.0021781106,-0.0003634502,0.02638749
RNH1,0.010678039,-0.004972244,-0.01214187,-0.0025326035,0.036087003
CSRP1,0.027486818,-0.008310533,-0.0015634698,-0.008851518,0.019357748
VAPA,0.018790878,-0.013939595,-0.0108559225,0.0037490416,0.027248811
HNRNPF,0.005089586,-0.012586609,-0.013104217,-0.008320829,0.02889952
H2AFZ,0.027359875,-0.018474065,-0.018717017,0.0037000803,0.017231924
VKORC1,0.008193614,-0.013380113,-0.00927668,6.731014e-05,0.0318561
PDXDC1,0.013902677,-0.01789303,-0.0138351815,-0.00815383,0.018942056
HTRA1,0.0148223825,-0.018208208,-0.01473925,-0.00016505402,0.022945223
2-Sep,0.028006338,-0.0016612394,-0.0096084215,-0.006882193,0.0253446
MRPL55,0.023122473,0.0012106606,-0.004246304,-0.0012576446,0.034967598
SRSF3,0.0061460896,-0.025007294,-0.020601992,0.00018573854,0.022163475
ANXA6,0.016367644,-0.013448038,-0.008371853,-0.0049230345,0.023660494
DDIT4,0.041254885,0.012038063,-0.01442933,-0.0097443,0.026980514
ATP5IF1,0.010255267,-0.0066820765,-0.009297673,-0.007384188,0.031835582
COMT,0.020853901,-0.006803249,-0.010320146,-0.012050908,0.022183374
ATP6V0B,0.014492737,0.020912955,-0.002960794,-0.027174467,0.04167148
SERINC2,0.043129977,-0.013334313,-0.0107679,0.0007293069,0.010467519
ERBB3,0.01660163,-0.009391875,-0.0037842738,-0.011997867,0.023200175
ALCAM,0.019099478,-0.010823551,-0.006870606,-0.004033948,0.025042696
DYNLRB1,0.022928942,0.001874034,-0.0104000205,-0.014725931,0.026765503
MRPL41,0.023309488,-0.011837144,-0.010499252,-0.0035187732,0.02141355
PMEPA1,0.03964972,0.0012495833,-0.0061066025,0.010003777,0.03157048
C5orf38,0.027829077,-0.026097473,-0.0113499835,-0.0031159925,0.006180133
PRSS23,0.017761592,-0.00081610435,-0.012848846,-0.007120261,0.03223046
TIMM13,0.009030682,-0.030624889,-0.012967062,0.0012143152,0.016436545
DDX3X,0.038536765,0.0119445445,-0.0076511805,-0.015639858,0.025337268
ITGB1,0.027536012,0.01309122,-0.015614429,-0.007375215,0.037862156
RBM8A,0.015847053,0.00034880947,-0.017405367,0.0060479357,0.042315148
MYO6,0.012032254,0.007178976,-0.010003226,-0.006926334,0.043148097
MCL1,0.018074607,0.004452196,-0.018573996,-0.006760991,0.03641378
DYNLT1,0.011058043,0.0140406275,-0.013834537,-0.021297455,0.040812775
PHB,0.033976123,0.017713673,-0.009337698,-0.013012718,0.034720346
NDUFS7,0.026746932,0.008681825,-0.007581704,-0.016679604,0.029249426
TNFSF10,0.02392186,-0.009080563,-0.0019409172,-0.006078312,0.022293571
SMIM14,0.0112751005,-0.024904072,-0.0075922506,-0.006040976,0.01598908
AURKAIP1,0.027694982,-0.0030066327,-0.0085554,-0.009307976,0.023016363
HSPA5,0.031383947,0.0071541024,1.1616372e-05,-0.015127734,0.026508283
ENAH,0.017489342,6.270743e-05,-0.0059103104,-0.0056368667,0.03484734
PPP1CA,0.017258978,0.0007265331,-0.014789137,-0.017721318,0.02702122
SERPINF1,0.024530724,-0.0056078406,-0.009598546,-0.0058724466,0.024658775
IARS2,0.027596915,-0.010751615,-0.0064738393,-0.008033245,0.01705251
CCNI,0.019525807,-0.021821205,-0.015473387,-0.0019906932,0.015676374
FLII,0.014743927,-0.023163853,-0.0145963635,0.0007272544,0.01921354
FDPS,0.020230765,-0.011842,-0.006756473,-0.0043874327,0.02322912
COPE,0.016375216,0.0015251975,-0.004624417,-0.021946399,0.026038522
COPZ1,0.024224408,0.013964378,-0.0016216383,-0.023585245,0.031499285
MLF2,0.02911286,7.128901e-05,-0.010429649,-0.0012516562,0.029911509
APMAP,0.016783627,0.012161819,-0.0063930256,-0.009034771,0.043527856
ECI1,0.03729909,0.009544938,-0.0057427473,-0.009050803,0.028573351
UQCRC2,0.014357628,-0.0084826965,-0.001714628,-0.012598178,0.025027046
NAP1L1,0.017299863,-0.013829667,-0.020736123,-0.001260617,0.02416485
GPI,0.023761585,0.018838411,0.0042075617,-0.017771633,0.04020229
HLA-DPA1,0.027950294,0.012226858,-0.0031167865,-0.019018175,0.030229295
NDUFB3,0.02644933,0.020768277,-0.0028728452,-0.0132171335,0.042682853
LAMTOR1,0.02998032,-0.005381691,-0.015346987,0.0001487032,0.024996582
SRSF5,0.029241217,-0.006360393,-0.006388079,0.003726999,0.027755506
ATRAID,0.0076864175,0.013060502,0.0021912677,-0.01658092,0.045739796
ADAR,0.019279014,0.005594341,0.0027113226,-0.026379095,0.026114123
UQCC2,0.014499908,-0.009257377,-0.008296695,-0.009998436,0.025401482
PDIA6,0.033842172,-0.0001514741,-0.012761376,-0.0069616684,0.023029746
ATP6V1G1,0.015470632,-0.009988372,-0.0097612105,-0.0025796602,0.028865838
RAB2A,0.014284545,0.0018626002,-0.008230649,-0.012769293,0.03347064
PRR13,0.020959996,-0.008140144,-0.0031513793,-0.0053083906,0.025822693
RAB25,0.022601085,0.00084734225,-0.00851488,-0.0062877857,0.031625617
RNF181,0.039994,0.0111465305,-0.005372707,-0.008534956,0.02839189
PSME2,0.02563328,0.01309283,-0.009810423,-0.014885471,0.034698308
EIF3G,0.004778983,-0.02414583,-0.008000056,0.011819127,0.03225732
DAZAP2,0.019691559,0.008095307,-0.008890386,-0.012829292,0.03510184
HSPD1,0.022418698,-0.008214509,-0.009719644,-0.012130918,0.020117559
ERGIC1,0.020232553,0.003929988,-0.0036264553,-0.016560841,0.02958573
TM9SF2,0.0375045,0.01025579,-0.0060159857,-0.011848026,0.027002402
CBX3,0.02926917,-0.010518119,-0.010769655,-0.0027579074,0.019217813
PDIA4,0.035266563,0.0066934195,-0.009346012,-0.004552575,0.029726148
ARPC5,0.023716422,-0.002999716,-0.017216925,-0.0108336685,0.023808261
CTSK,0.021549229,-0.0083219465,-0.0142077105,-0.014516079,0.018587656
HLA-DRB1,0.010478134,-0.01357373,0.0020954576,-0.0066224434,0.02675858
FKBP4,0.027536321,0.0265699,0.0044934736,-0.02258507,0.041754913
PTTG1IP,0.019816881,-0.0050247526,-0.0095066745,-0.010907921,0.02505719
LAGE3,0.017436562,-0.0060818437,-0.010971307,-0.009248651,0.026608517
TRAPPC1,0.030123485,0.008850544,-0.016288774,-0.015842406,0.027165769
HEBP2,0.026929777,0.004692386,-0.0013801191,-0.020501638,0.023551246
POLR2I,0.019982053,-0.003029911,-0.008290725,-0.0037664494,0.031287353
LTBP3,0.03475536,0.0069951853,-0.0019073738,-0.0123252645,0.025876889
ABHD11,0.015851215,-0.029655544,-0.013968146,0.016603205,0.022976184
ACLY,0.021186883,-0.0047329944,-0.0013882804,-0.010927798,0.025111832
H2AFV,0.0212862,-0.0029653439,-0.011844318,-0.004368247,0.029893422
SERHL2,0.025227586,0.0041958825,-0.0014780181,-0.003934579,0.034824878
CHCHD5,0.03075847,-0.0144828735,-0.011659409,-0.0011874483,0.015779471
NET1,0.02870371,0.016284773,0.009473228,-0.016402153,0.036241848
MT-ND4L,0.025492746,0.0029277974,-0.010370629,-0.0045897304,0.032753784
TM9SF3,0.014049495,-0.011728695,-0.01650506,-0.001571443,0.02816385
MXRA8,0.012696547,-0.017531164,-0.0031923768,-0.007023204,0.021412278
PNKD,0.0092640035,-0.017611599,-0.01024656,-0.00948592,0.02172399
SPINT1,0.025456069,-0.002046199,-0.012650688,-0.006728112,0.02649234
PPP1CB,0.04772651,0.010425477,-0.009647873,-0.0044562924,0.025118908
PON2,0.029926937,0.009163229,-0.0061788363,-0.019879742,0.025759904
ERP29,0.015604136,-0.012533521,-0.016041234,-0.0055578104,0.023845665
HIST1H1C,0.021398326,-0.002345529,-0.0054711695,-0.0068202782,0.029406603
SLC25A29,0.03953083,0.010680075,0.0014670155,-0.011321057,0.027080808
PDCD6,0.027922485,0.002685184,0.0041129184,-0.011755372,0.027636416
NDUFAF8,0.02000036,0.010192036,-0.012322809,-0.010666555,0.038332403
COX5A,0.032871462,0.0066323904,-0.01489858,-0.021481697,0.02008642
IMPDH2,0.05566731,0.028345935,-0.0068516047,-0.0042316904,0.036365792
SLC2A10,0.026693359,-0.011481574,-0.016145766,-0.0033474718,0.019453607
UXT,0.025530148,-0.00548718,-0.00934911,2.5191159e-05,0.027988805
ATP2A3,0.030349819,0.014711598,-0.0019646739,0.0006627865,0.043824065
MRPS26,0.027724087,0.00017203164,-0.008952395,-0.013361537,0.023254286
NDUFB8,0.016835261,-0.0091643855,-0.01545502,-0.0017069489,0.028415127
AP2M1,0.023241146,0.0064447434,-0.0028788561,-0.0150486315,0.030779643
ALDOA,0.029867442,0.016838698,-0.0028715304,-0.020057244,0.03286489
REEP6,0.021649338,-0.008245816,-0.010895935,0.0021509933,0.029443508
CCT7,0.01790107,-0.011124904,-0.0057226312,-0.0073123956,0.023431031
HID1,0.041308448,0.017003141,0.0030261374,-0.010453457,0.03236454
PHB2,0.022504093,-0.0035364185,-0.0097101405,-0.001910369,0.030565977
EIF3F,0.030583352,-0.0041201557,-0.0069163586,-0.0012980015,0.025568327
CYC1,0.03311503,0.014408043,0.0027149275,-0.015448145,0.031940896
NECTIN2,0.03428791,0.010068562,-0.0005818067,-0.01925876,0.024486985
DUSP23,0.029689303,-0.012995374,-0.009805326,0.009311629,0.024682112
SNRNP70,0.032529432,-0.00078795984,-0.005479014,0.0006990311,0.028630381
ARL6IP1,0.041191153,-0.0032011257,-0.009267666,0.0017365136,0.021359704
RNF187,0.028826227,4.2669268e-05,-0.0025668133,-0.018840482,0.019591434
MVP,0.017404491,-0.00871316,-0.004300516,-0.005581615,0.027001228
GOLM1,0.02775797,-0.0015872286,-0.0032558779,-0.008535293,0.02513699
KTN1,0.018186113,-0.011453126,-0.0023558398,-0.010986317,0.021042839
SLC39A6,0.026469039,0.018495139,0.0042964127,-0.009911807,0.04335218
RAB7A,0.0059354804,-0.01468321,-0.018842787,0.0002512241,0.031641904
C1orf43,0.011889251,-0.01624909,-0.012644495,-0.0039049112,0.024394328
GNAI2,0.030062798,0.011485598,-0.0059420816,-0.016497543,0.030017212
GGCT,0.0024421879,-0.006817048,-0.003133675,-0.0035532264,0.039465208
HLA-E,0.023834351,-0.0042947107,-0.0042146943,-0.0036454909,0.02807252
TMEM123,0.026716273,0.009694649,0.009880673,-0.013460467,0.033575855
SPTSSA,0.022749234,-0.015614932,-0.00820874,-0.00060701853,0.020557795
DMKN,0.025115456,0.009746217,-0.0101504065,-0.0150218895,0.032184914
SRSF2,0.02247193,-0.007408854,-0.008594858,0.0066124094,0.032603104
OS9,0.02202929,0.004517657,-0.013790335,-0.016475659,0.028100139
SSBP1,0.011101692,-0.0075316755,-0.019749181,-0.0063708816,0.030415457
KIAA1324,0.020160735,-0.01987081,-0.013297551,-0.00857752,0.012818623
CDK5RAP3,0.03578157,0.00035854024,-0.011506961,-0.0029728438,0.024551284
RASD1,0.024364255,0.011432082,-0.0031448652,-0.012411424,0.036224242
GALNT7,0.010192073,-0.0078101708,-0.016344175,-0.008197817,0.03004143
PSMD8,0.025765803,0.0014936919,-0.009117885,-0.0093859965,0.027945096
MINOS1,0.011194793,0.000749024,-0.0074142055,-0.0033424823,0.04052353
NAPA,0.049913093,0.03901363,-0.0118933115,-0.008573937,0.04629277
CANT1,0.026551064,0.017381852,0.007357602,-0.016738135,0.038138878
DDAH2,0.026677702,0.016314905,0.0022721186,-0.021870768,0.03334581
YWHAH,0.037596717,0.0123886205,-0.010779728,-0.0118407495,0.02853157
NUPR2,0.029845461,0.0021069683,-0.003956102,-0.0017447923,0.031314295
TMEM147,0.051589124,0.03980838,-0.0030675284,-0.014732909,0.042531446
ST13,0.044197243,0.01927207,-0.0067102853,-0.006711439,0.034196068
RPN1,0.018232226,0.0019634464,-0.002407256,-0.012235322,0.031606495
SNX3,0.015437626,-0.0065885456,-0.008007639,-0.012375396,0.0258824
COX14,0.020925572,0.0055535124,-0.0040744827,-0.013359707,0.032613005
PAXX,0.01835163,-0.009382522,-0.0057158787,-0.008389082,0.024162974
PSMD4,0.04178008,0.020856733,-0.01527806,-0.0056909295,0.036717057
HDGF,0.016941149,-0.00829756,-0.0034840882,-0.005134197,0.028126419
EIF4G1,0.019712672,-0.011154497,-0.006414977,-0.0058053136,0.023285948
RTRAF,0.03457503,0.0035108572,-0.0046991734,0.00395211,0.033248074
ECH1,0.03257801,0.0162818,-0.009945011,-0.00664112,0.038379602
SCARB2,0.031215757,0.008055569,-0.013489971,-0.01022881,0.02950786
PSMC5,0.022889584,-0.014236803,-0.013613755,-0.0073783537,0.016928049
GHITM,0.012092357,-0.0004958217,-0.0109695615,-0.020461217,0.027675515
CCDC57,0.0350781,0.0117222145,0.00027299838,-0.017093988,0.027165238
NUDT4,0.024940295,0.0045411885,-0.0046508317,-0.014222162,0.028655706
EIF3L,0.02430064,-0.0051416587,-0.01733695,-0.0012028404,0.027638787
EIF4H,0.02341973,-0.006121837,-0.0124962265,-0.005082337,0.025257707
SHISA2,0.02192897,0.00021163546,-0.0019486404,-0.01794652,0.024424657
COPA,0.029288745,0.018337483,-0.007776085,-0.021166565,0.03327259
NBL1,0.027465055,-0.0015486579,-0.015888501,-0.0011107606,0.029137608
NDUFAF3,0.032818016,0.027789174,0.0029850202,-0.029556302,0.03501179
SFPQ,0.002634497,-0.008512128,-0.013186554,-0.01766172,0.028256675
CCT4,0.029871553,0.01568587,-0.011821423,-0.009279894,0.037758123
ENY2,0.023475328,-0.017448401,-0.012446905,0.0032499528,0.020603456
FKBP1A,0.031745113,0.0057800394,-0.0011433637,-0.016988233,0.023774778
ZYX,0.03884719,0.0072328076,0.00013666875,-0.006955409,0.02692535
DNAJB6,0.044211384,0.02255073,0.006407327,-0.010123006,0.035687055
FKBP2,0.032588642,0.001859249,-0.0077772583,-0.0068627386,0.025883231
LFNG,0.036759213,0.0027245237,-0.0018521234,0.0014957769,0.029409813
TRIM28,0.018762525,-0.008880096,-0.0066505335,-0.008748996,0.02388564
CNPY2,0.0150679415,-0.013813532,-0.0066507785,-0.0037061602,0.024975074
THY1,0.042992342,0.004635769,-0.009147121,0.007054225,0.03065839
TMBIM4,0.032048054,-0.0056188996,-0.0064652055,-0.006029269,0.020130577
PTBP1,0.034794267,0.015764985,-0.0015982742,-0.014113915,0.032674372
ARPC1B,0.02818982,0.0023166304,-0.0064655025,-0.012032769,0.02565831
PRKAR1A,0.017499512,-0.012425916,-0.010062336,-0.007865134,0.021865498
EPCAM,0.023283638,0.012892359,-0.018603891,-0.010556748,0.038144052
SRSF6,0.038996547,0.010271719,-0.012926511,-0.011688629,0.025858292
YWHAQ,0.03367697,-0.00938579,0.003871571,0.0002661896,0.020624705
PNPLA2,0.024614973,0.011196486,-0.007365299,-0.016007062,0.03332149
GSPT1,0.030265987,-0.002572913,-0.010770404,-0.004610897,0.024643494
H2AFY,0.02094462,-0.005685096,-0.022148324,-0.010303006,0.02341014
RAB1A,0.019835057,-0.0028322996,-0.017146248,-0.012663172,0.02518571
SAT1,0.017657584,-0.0050516524,-0.007548437,-0.008252296,0.028377125
MPC2,0.0210257,-0.0049545327,-0.0050617987,-0.010892549,0.024760144
BRI3,0.03741609,0.0051214076,-0.003513612,-0.0024236736,0.028742548
GPAA1,0.023214689,-0.007616931,-0.008855004,-0.0065903463,0.02349173
TCEAL3,0.017531374,-0.008054292,-0.00241819,-0.0061168927,0.02734536
NOP10,0.01414224,-0.010413217,-0.006277557,-0.0046206005,0.028253397
FOS,0.020398712,-0.004917248,-0.003929262,-0.011354525,0.024947597
PGLS,0.04027587,0.011041619,-0.005248865,-0.009090211,0.027944513
REX1BD,0.049936906,0.020348636,-0.009913808,-0.011015547,0.02846332
RRBP1,0.021680754,-0.0007341538,0.00041067885,-0.008390528,0.030174227
APH1A,0.03546995,0.013440976,-0.0041246735,-0.023330139,0.023856506
EVL,0.029100385,-0.001525049,-0.011082637,-0.0046015806,0.026267137
SCAMP3,0.04542117,0.012565951,-0.0022335902,-0.008962925,0.02641298
NCL,0.01626215,-0.008449084,-0.01501724,-0.00785928,0.025728168
STOM,0.025322163,0.00421817,-0.002339115,-0.009532486,0.031019673
SLC25A39,0.033549346,0.013079678,0.007136494,-0.0145971095,0.03137294
PGGHG,0.03849589,0.0008519253,-0.0049436656,-0.0012185867,0.025135415
NNMT,0.030043611,-0.0020343626,-0.01311143,0.0032302414,0.02982605
CDH1,0.0305658,0.016288834,-0.02040585,-0.01713993,0.032016724
NSA2,0.037478507,0.025740584,-0.0041137272,-0.006798584,0.04402615
ADIPOR1,0.04108193,0.047964748,0.0055428464,-0.029659038,0.047572732
UBE2I,0.025098639,0.024650767,0.0019548652,-0.022282189,0.041519426
PSMA1,0.013548056,-0.0075137736,-0.014881661,-0.0019744334,0.03221329
ALDH2,0.024516188,-0.00059242436,-0.010983954,-0.005182105,0.02956598
H1F0,0.04687809,0.010253739,-0.010916027,-0.0063823364,0.024249433
MTCH1,0.03922225,0.020981018,-0.0023483965,-7.9406826e-05,0.0431198
OAT,0.016165458,0.00020919145,-0.0017582126,-0.018325461,0.027914863
SLC39A11,0.024920173,0.00467631,-0.0056957686,-0.012355968,0.02969789
SLC44A2,0.044598814,0.0317304,-0.0059494055,-0.017233469,0.038049497
SERPINH1,0.02164214,-0.0039798594,-0.00088517467,-2.317403e-05,0.032321934
MRPL20,0.025109595,-0.00082748826,-0.00051008584,-0.008355463,0.02795769
TRIP6,0.032470375,0.010029956,-0.01325156,-0.009294054,0.031060226
TXNL4A,0.025457984,-0.0052507333,-0.011668888,-0.007639634,0.023358628
ARRDC1,0.055439826,0.035521325,-0.0073911003,-0.000711661,0.045168597
RAB1B,0.05054639,0.0069874544,-0.017201044,0.00063142105,0.023071028
ARF4,0.023942163,-0.01093669,-0.010175541,-0.00087387103,0.023671515
ISLR,0.03814913,0.0017750597,-0.001062402,-0.0042265104,0.024372218
GAMT,0.022197597,0.0036653695,-0.004932111,-0.009341524,0.032265794
HNRNPM,0.022682695,-0.0085723335,-0.0047632405,-0.00734142,0.022686187
HMG20B,0.026003456,-0.003971729,-0.0070022764,-0.006283095,0.025420336
RSL1D1,0.025819661,0.0015903331,-0.0019402255,-0.014362666,0.025317842
MMP24OS,0.034431007,-0.0033372084,-0.01759641,0.0011684491,0.024217084
SLC44A4,0.020133464,-0.019499337,-0.012993393,-0.0003958965,0.018546443
ANAPC16,0.012660238,-0.011860413,-0.0098654255,-0.008459342,0.025009403
IER2,0.027686689,0.0102330865,-0.004917751,-0.007833933,0.035920866
MAZ,0.02531141,0.000101298734,-0.004906254,-0.007580034,0.028651312
MIEN1,0.01663419,-0.006167021,-0.008846534,-0.008670993,0.027429355
HNRNPAB,0.056113753,0.008485156,-0.0085027795,-0.0017855832,0.020121753
MCCC2,0.025224905,0.0024464692,0.0034882168,-0.009945272,0.029875044
TPD52,0.0358362,0.009360172,-0.0044652484,-0.023502156,0.019980073
MRPL33,0.031229062,0.018495968,-0.008481705,-0.023614718,0.03057257
MYDGF,0.098416984,0.11753595,0.020652998,-0.03754641,0.069207184
SULF2,0.023374632,0.013198081,0.001159184,-0.013402847,0.038167726
GIPC1,0.025203556,-0.005683818,-0.013459857,-0.0058034025,0.0237227
A1BG,0.023525482,0.0068076276,-0.009753525,-0.011250468,0.032753512
NAA10,0.020895952,-0.00043078672,-0.011027961,-0.008319774,0.030079471
ERH,0.025674382,0.023025395,0.006282459,-0.018609697,0.04257186
TYMP,0.021770682,0.008041691,-0.008368895,-0.018983826,0.030459587
TMEM14C,0.021720605,-0.0130123235,-0.019777011,0.002861351,0.024642672
SIVA1,0.0604129,0.034219824,-0.017180566,-0.010683387,0.03368813
PSMA2,0.021819742,0.01343201,0.008434713,-0.011370453,0.041150756
IDH2,0.13905123,0.14047961,0.031733297,-0.03822673,0.064181075
CCT6A,0.030964121,-0.014583773,-0.011445616,-0.0013974179,0.015392656
WFDC2,0.03324457,-0.0048436103,-0.012319423,-0.0030698855,0.021628296
SMIM37,0.031645104,-0.005367712,-0.007038635,-0.011255543,0.017273614
FBN1,0.028761096,0.009388924,-0.005119,-0.012739071,0.03149925
EIF6,0.024855325,-0.0063611646,-0.02087149,-0.0052794153,0.02340794
ARF6,0.017081447,-0.009164629,-0.012615806,-0.014086982,0.021064516
SLC3A2,0.008171095,-0.014195288,-0.010715574,-0.008065371,0.026126085
CTTN,0.020503007,-0.0055387104,-0.0041212495,-0.0109032225,0.024585415
MPG,0.019289715,-0.006613947,-0.0057648206,-0.010025243,0.024738137
CISD3,0.028613763,0.032657057,-0.009743182,-0.02488707,0.043592446
SPCS2,0.03949097,0.02567973,-0.011846917,-0.02013019,0.033536837
TALDO1,0.03423077,0.022538757,0.0029531445,-0.016849391,0.03741598
CAMK2N1,0.021877266,-0.0068346886,-0.0125669055,-0.008880551,0.023359256
ZNF706,0.062919356,0.04767842,0.00063945685,-0.019622166,0.039534744
CTHRC1,0.022769943,0.0076717823,-0.010189416,-0.009128199,0.035684317
NINJ1,0.03284339,0.015110187,0.0047798287,-0.011941702,0.035393067
RAB11A,0.021635175,-0.0018636541,-0.0047484315,-0.011356382,0.026784617
PDCD5,0.031093666,0.011064031,-0.007939159,-0.015007603,0.029554598
RTN3,0.043605976,0.02064506,-0.013034991,-0.00728593,0.034638878
LSM5,0.020117883,-0.004886734,-0.0094461525,-0.009275155,0.026104474
POLR2K,0.03695298,0.031576607,-0.0020864569,-0.02689472,0.03699236
CSKMT,0.06044496,0.042361446,-0.008262166,-0.010533085,0.041600075
SNRPF,0.027486729,0.006088788,0.00024993456,-0.0089127,0.0322176
OCIAD1,0.069268346,0.063706696,-0.0029000854,-0.006443907,0.05809958
EIF2S3,0.04933909,0.01854556,-0.004060656,-0.009423474,0.02873021
MDK,0.0072754268,-0.02223758,-0.018629236,-0.0091024665,0.018291526
ARHGAP1,0.023909643,-0.012180737,-0.020448137,-9.611147e-05,0.022126185
CCT5,0.033595543,0.029617447,-0.000246,-0.02980968,0.035586394
PTOV1,0.011098403,0.013242336,-0.017732352,-0.011654462,0.045549404
NDUFA10,0.022856455,-0.004635001,-0.011461159,-0.00875367,0.02457124
TMEM165,0.019519042,0.0052920342,0.0020475972,-0.011230325,0.03515001
PSENEN,0.017204516,-0.00015089252,0.0005609728,-0.003641988,0.036447626
BZW1,0.029868828,0.0060517406,-0.011928182,-0.011859462,0.02749504
NDUFA12,0.03144196,0.0072356365,-0.0019477879,-0.01593194,0.025818735
SLC38A10,0.16931988,0.20566158,0.051251654,-0.06374857,0.087678365
CYBRD1,0.027382119,-0.0034755135,-0.0020603505,-0.0115441885,0.021749774
PFKL,0.02166397,-0.0025139293,-0.00878521,-0.0055318954,0.029648311
SRARP,0.026032453,-0.0046847844,-0.0041709044,-0.0097358115,0.022565868
SEPHS2,0.1675605,0.19248092,0.051007386,-0.051894583,0.08465495
MAT2A,0.018496348,-0.0076169646,-0.004323997,-0.010109341,0.024676397
SERPING1,0.011572886,0.0013844793,-0.014471939,-0.022632632,0.027983477
BHLHE40,0.022481142,0.008916718,-0.0022366727,-0.011764062,0.035481006
MRPL23,0.02918411,0.0136246085,-0.0005825088,-0.015683386,0.03330534
IL6ST,0.044688128,0.02287917,0.0008579314,-0.006483265,0.037835956
JPT1,0.023121068,-0.013055228,-0.021224158,-0.0050299102,0.018704811
EIF3B,0.021559585,-0.008096314,-0.008227704,-0.0031621743,0.026191855
CLIC3,0.014047652,-0.0037348422,-0.0013336685,-0.015482006,0.027360905
SF3B1,0.018313468,-0.0088641085,-0.0043687,-0.0112531185,0.02288824
XRCC5,0.04318012,0.018473737,0.0056470255,-0.009340553,0.03338527
PUF60,0.020139145,-0.005497843,-0.004200802,-0.010554188,0.025173744
0,0.03996674,-0.0024799218,0.0022887005,-0.03530282,0.009079055
1,0.027455574,-0.005261474,0.00908727,-0.017446412,0.014983677
2,0.049954847,-0.0015153539,0.03784437,-0.052023795,-0.01286047
3,0.018466633,0.015265816,0.032433473,-0.049128056,0.021308118
4,0.0040688156,-0.007770912,0.007818261,-0.021996107,0.025248883
5,0.030712176,0.009198611,0.05151401,-0.052296884,0.008344118
6,0.01598989,0.017173726,0.01942457,-0.05607822,0.019592125
7,0.015004932,0.014938244,0.014403703,-0.04152291,0.026999932
8,0.03182156,0.014189411,0.014692089,-0.047201406,0.01176901
9,0.037945427,0.005968134,0.0060819895,-0.03898253,0.0058024386
10,0.021278571,-0.0062173954,0.003779965,-0.013965578,0.021196533
11,0.016864058,-0.011264702,0.004012392,-0.01297879,0.01961553
12,0.034040693,0.025145316,0.039639868,-0.07865199,0.0031510259
13,0.01883423,-0.0105698,-0.0004508697,-0.011051952,0.020576132
14,0.03476012,0.0013172085,0.027471716,-0.018604541,0.018962134
15,0.017921906,-0.0031896783,0.009375924,-0.014656251,0.026419707
16,0.02465145,-0.0040672133,0.008300155,-0.02137468,0.01698085
17,0.11119586,-0.019097663,0.035880137,0.026714677,-0.01805936
18,0.024066977,-0.0069076754,0.0030814453,-0.007352196,0.023443833
19,0.019092252,0.018881302,0.066179864,-0.039643984,0.033172533
20,0.02425911,-0.0039839707,0.0013887616,-0.01219757,0.022412293
21,0.0184624,-0.008971173,-0.0035777711,-0.010525966,0.02189386
22,0.053128593,0.009956736,0.0403067,-0.043453045,-2.6757098e-05
23,0.018367201,-0.008209198,-0.0015240067,-0.010863785,0.022521697
24,0.018306024,-0.008733459,0.0072267894,-0.014690878,0.020433966
25,0.028343918,0.0019515242,0.028231382,-0.044655263,0.0070103495
26,0.017705988,0.010957033,0.016395248,-0.029225502,0.02974648
27,0.042566884,0.0011550974,0.022714065,-0.026070084,0.008111005
28,0.02286868,-0.00602924,0.021914795,-0.0058136834,0.027114626
29,0.057231523,0.020922603,0.042722736,-0.05974384,-0.003327416
30,0.05471204,-0.013620092,0.020272244,0.0024926234,0.0058751293
31,0.021463968,-0.008935321,0.011535486,-0.019286934,0.016414192
32,0.02018853,-0.010125382,0.007894832,-0.008526642,0.022650132
33,0.030950744,-0.0016989493,0.028725842,-0.045760516,0.0014174677
34,0.018054005,-0.008510289,-0.003947706,-0.011035639,0.0227154
35,0.02634092,0.01098987,0.044362966,-0.053184655,0.011564725
36,0.012528851,-0.014149507,0.017894953,-0.008011206,0.024789385
37,0.031495348,-0.013159244,0.041598313,-0.05736731,-0.015815452
38,0.018990126,-0.009242085,-0.0024442915,-0.0105043445,0.021999585
39,0.0310266,0.0049179513,0.0029820253,-0.034535874,0.012024791
40,0.027373143,0.021617528,0.02641322,-0.043273706,0.02528827
41,0.025816593,-0.0123300245,0.022482308,-0.02022318,0.010707386
42,0.059825696,0.032644417,0.061002478,-0.08449372,-0.009070489
43,0.014877686,0.0010821029,0.03054346,-0.057885222,0.006259896
44,0.033612378,0.018408224,0.061708443,-0.0883777,-0.007302857
45,0.03776757,0.0032213847,0.029010795,-0.07314927,-0.016521664
46,0.037231535,0.016992096,0.04916292,-0.057285525,0.007743038
47,0.06905956,0.03239713,0.060357,-0.07423559,-0.008512915
48,0.046234347,0.016029138,0.045955446,-0.0760097,-0.010677106
49,0.019208577,-0.0072333906,0.030746115,-0.05027886,0.0007381178
