 ,age
CN81_E1_10.99_25.84,p30
CN81_E1_13.05_1.98,p30
CN81_E1_13.04_3.01,p30
CN81_E1_10.99_4.97,p30
CN81_E1_4.93_26.97,p30
CN81_E1_27.95_30.93,p30
CN81_E1_27.95_31.92,p30
CN81_E1_10.96_11.89,p30
CN81_E1_24.08_1.95,p30
CN81_E1_15.97_5.97,p30
CN81_E1_27.95_2.99,p30
CN81_E1_16.96_6.01,p30
CN81_E1_31.92_26.88,p30
CN81_E1_6.98_25.91,p30
CN81_E1_28.94_1.91,p30
CN81_E1_24.97_1.95,p30
CN81_E1_31.92_1.9,p30
CN81_E1_25_31.94,p30
CN81_E1_14.97_5.02,p30
CN81_E1_27.97_32.92,p30
CN81_E1_10.96_9.87,p30
CN81_E1_12.07_9.08,p30
CN81_E1_30.01_23.87,p30
CN81_E1_15.96_2.95,p30
CN81_E1_8.99_4.98,p30
CN81_E1_9.07_28.91,p30
CN81_E1_10.99_27.9,p30
CN81_E1_16.94_8.95,p30
CN81_E1_27.95_28.92,p30
CN81_E1_25.97_29.9,p30
CN81_E1_13.98_10.91,p30
CN81_E1_11.04_29.89,p30
CN81_E1_28.93_27.86,p30
CN81_E1_26.97_27.89,p30
CN81_E1_9.94_8.97,p30
CN81_E1_17.97_7.92,p30
CN81_E1_15.96_9.89,p30
CN81_E1_15_6,p30
CN81_E1_12.03_29.99,p30
CN81_E1_4.99_30.94,p30
CN81_E1_9.95_24.95,p30
CN81_E1_15.99_5,p30
CN81_E1_31.96_25.87,p30
CN81_E1_16.93_6.97,p30
CN81_E1_9.94_31.93,p30
CN81_E1_26.98_2.95,p30
CN81_E1_9.92_28.91,p30
CN81_E1_31.02_26.89,p30
CN81_E1_11.02_5.98,p30
CN81_E1_9.91_29.82,p30
CN81_E1_27.93_1.94,p30
CN81_E1_29.96_1.9,p30
CN81_E1_14_6.98,p30
CN81_E1_29.98_26.9,p30
CN81_E1_12.03_11.96,p30
CN81_E1_5_31.9,p30
CN81_E1_26.99_1.92,p30
CN81_E1_27.01_30.91,p30
CN81_E1_9.92_10.88,p30
CN81_E1_14.99_4,p30
CN81_E1_5.96_30.96,p30
CN81_E1_13.05_6.02,p30
CN81_E1_13.99_3,p30
CN81_E1_9.92_6.01,p30
CN81_E1_7.98_10.88,p30
CN81_E1_29.98_28.89,p30
CN81_E1_16.93_5.02,p30
CN81_E1_10.96_7.85,p30
CN81_E1_8.95_3.04,p30
CN81_E1_31.96_27.87,p30
CN81_E1_30.01_25.88,p30
CN81_E1_7.97_30.91,p30
CN81_E1_26.99_29.89,p30
CN81_E1_9.95_4.99,p30
CN81_E1_5.93_28.96,p30
CN81_E1_6.95_30.94,p30
CN81_E1_13.98_8.96,p30
CN81_E1_6.97_28.93,p30
CN81_E1_9.04_10.86,p30
CN81_E1_9.94_30.94,p30
CN81_E1_25.99_28.88,p30
CN81_E1_31.02_29.9,p30
CN81_E1_9.06_7.94,p30
CN81_E1_25.97_1.93,p30
CN81_E1_8.99_24.95,p30
CN81_E1_29.99_22.87,p30
CN81_E1_31.02_25.89,p30
CN81_E1_31.02_28.87,p30
CN81_E1_31.97_24.85,p30
CN81_E1_13.1_10.9,p30
CN81_E1_9.05_8.93,p30
CN81_E1_6.96_31.97,p30
CN81_E1_13.03_9.93,p30
CN81_E1_17.97_6.95,p30
CN81_E1_9.95_7.92,p30
CN81_E1_6.96_26.93,p30
CN81_E1_12.01_28.98,p30
CN81_E1_15.99_6.94,p30
CN81_E1_7.97_25.89,p30
CN81_E1_28.97_2.92,p30
CN81_E1_12.08_6.96,p30
CN81_E1_9.01_27.91,p30
CN81_E1_9.95_25.88,p30
CN81_E1_27.95_26.88,p30
CN81_E1_13.04_28.95,p30
CN81_E1_6.02_27.99,p30
CN81_E1_13.05_7.95,p30
CN81_E1_7.96_29.96,p30
CN81_E1_7.98_23.89,p30
CN81_E1_14.99_9.93,p30
CN81_E1_9.03_25.89,p30
CN81_E1_31.07_24.86,p30
CN81_E1_13.02_27.92,p30
CN81_E1_31.01_2.92,p30
CN81_E1_13.98_5.02,p30
CN81_E1_31_1.9,p30
CN81_E1_9.02_5.95,p30
CN81_E1_6.95_27.92,p30
CN81_E1_7.92_28.89,p30
CN81_E1_31.94_29.87,p30
CN81_E1_5.96_29.94,p30
CN81_E1_14_7.97,p30
CN81_E1_13.04_30.94,p30
CN81_E1_7.99_5.95,p30
CN81_E1_27.91_25.86,p30
CN81_E1_17.96_8.9,p30
CN81_E1_15_8.94,p30
CN81_E1_4.96_27.93,p30
CN81_E1_13.99_6.02,p30
CN81_E1_12.05_10.03,p30
CN81_E1_31.94_28.87,p30
CN81_E1_12.07_6.1,p30
CN81_E1_16.94_7.95,p30
CN81_E1_31.92_3.94,p30
CN81_E1_7.94_24.89,p30
CN81_E1_9.94_27.92,p30
CN81_E1_13.96_1.97,p30
CN81_E1_25.98_26.91,p30
CN81_E1_5.95_31.97,p30
CN81_E1_4.97_29.93,p30
CN81_E1_9.02_32.9,p30
CN81_E1_10.95_26.94,p30
CN81_E1_7.95_26.9,p30
CN81_E1_13.04_8.97,p30
CN81_E1_4.98_28.94,p30
CN81_E1_29.98_31.9,p30
CN81_E1_29.97_27.89,p30
CN81_E1_27.96_27.9,p30
CN81_E1_12.01_10.88,p30
CN81_E1_6.96_29.98,p30
CN81_E1_7.96_27.89,p30
CN81_E1_7.97_5.02,p30
CN81_E1_14.98_3,p30
CN81_E1_15.99_8.88,p30
CN81_E1_10.97_8.89,p30
CN81_E1_17.95_5.99,p30
CN81_E1_12_7.97,p30
CN81_E1_25.97_27.91,p30
CN81_E1_26.99_32.9,p30
CN81_E1_12.03_4.99,p30
CN81_E1_31.03_3.91,p30
CN81_E1_29.98_2.92,p30
CN81_E1_28.97_31.88,p30
CN81_E1_8.99_30.92,p30
CN81_E1_9.08_9.97,p30
CN81_E1_12.97_29.92,p30
CN81_E1_12.01_27.98,p30
CN81_E1_26.98_28.89,p30
CN81_E1_27_25.88,p30
CN81_E1_9_29.89,p30
CN81_E1_9.93_9.92,p30
CN81_E1_28.97_29.89,p30
CN81_E1_29.99_30.89,p30
CN81_E1_14_9.95,p30
CN81_E1_8.96_23.88,p30
CN81_E1_5.98_25.92,p30
CN81_E1_31.94_2.93,p30
CN81_E1_16_7.95,p30
CN81_E1_8.98_3.94,p30
CN81_E1_9.01_26.95,p30
CN81_E1_28.98_32.92,p30
CN81_E1_13.97_4.01,p30
CN81_E1_13.08_4.99,p30
CN81_E1_31.03_30.86,p30
CN81_E1_12.97_26.97,p30
CN81_E1_15.98_3.98,p30
CN81_E1_13.04_6.98,p30
CN81_E1_5.96_32.95,p30
CN81_E1_9_31.92,p30
CN81_E1_28.97_28.89,p30
CN81_E1_17.96_9.92,p30
CN81_E1_26.99_26.89,p30
CN81_E1_9.9_6.97,p30
CN81_E1_31.01_27.89,p30
CN81_E1_28.99_24.85,p30
CN81_E1_10.99_30.88,p30
CN81_E1_29.98_29.9,p30
CN81_E1_10.99_4,p30
CN81_E1_11.98_25.97,p30
CN81_E1_13.03_4.01,p30
CN81_E1_7.98_33.94,p30
CN81_E1_7.97_32.93,p30
CN81_E1_25.98_30.92,p30
CN81_E1_29_25.86,p30
CN81_E1_15.01_6.97,p30
CN81_E1_9.94_26.95,p30
CN81_E1_12.08_27.05,p30
CN81_E1_10.94_28.85,p30
CN81_E1_10.94_6.89,p30
CN81_E1_26_31.94,p30
CN81_E1_26.94_32.09,p30
CN81_E1_28.97_30.88,p30
CN81_E1_30_24.86,p30
CN81_E1_7.98_31.93,p30
CN81_E1_12.03_30.97,p30
CN81_E1_5.95_26.95,p30
CN81_E1_31.95_30.89,p30
CN81_E1_28.95_26.87,p30
CN81_E1_27.96_29.93,p30
CN80_E1_7.93_28.87,p30
CN80_E1_29.89_2.04,p30
CN80_E1_12.02_24.9,p30
CN80_E1_22.99_5.15,p30
CN80_E1_10.92_23.83,p30
CN80_E1_9.91_5.02,p30
CN80_E1_5.92_23.87,p30
CN80_E1_10.92_7.89,p30
CN80_E1_4.95_28.88,p30
CN80_E1_22.99_3.06,p30
CN80_E1_13.01_25.92,p30
CN80_E1_28.92_21.87,p30
CN80_E1_8.99_25.86,p30
CN80_E1_24.97_20.9,p30
CN80_E1_24.99_19.92,p30
CN80_E1_24.01_22.91,p30
CN80_E1_29.88_4.07,p30
CN80_E1_27.9_4.08,p30
CN80_E1_6.9_7.99,p30
CN80_E1_10.88_24.85,p30
CN80_E1_5.92_27.89,p30
CN80_E1_7.95_4.02,p30
CN80_E1_4.97_23.9,p30
CN80_E1_28.89_3.05,p30
CN80_E1_9_22.86,p30
CN80_E1_28.92_20.87,p30
CN80_E1_13.02_24.9,p30
CN80_E1_23.04_24.9,p30
CN80_E1_6.93_28.89,p30
CN80_E1_9.89_6.97,p30
CN80_E1_12.96_5.07,p30
CN80_E1_9.92_25.86,p30
CN80_E1_25.9_3.1,p30
CN80_E1_11.99_2.05,p30
CN80_E1_21.93_26.8,p30
CN80_E1_8.99_5.99,p30
CN80_E1_20.91_24.83,p30
CN80_E1_28.93_22.89,p30
CN80_E1_7.94_26.85,p30
CN80_E1_7.91_27.85,p30
CN80_E1_9.9_7.92,p30
CN80_E1_28.9_4.08,p30
CN80_E1_6.93_23.89,p30
CN80_E1_24.94_5.08,p30
CN80_E1_27.92_21.85,p30
CN80_E1_8.98_26.83,p30
CN80_E1_10.92_2.96,p30
CN80_E1_12.97_4.07,p30
CN80_E1_8.98_24.92,p30
CN80_E1_23.99_25.85,p30
CN80_E1_8.98_27.82,p30
CN80_E1_6.94_25.87,p30
CN80_E1_26.9_2.02,p30
CN80_E1_24.94_4.09,p30
CN80_E1_12_3.05,p30
CN80_E1_4.97_24.87,p30
CN80_E1_26.9_5.06,p30
CN80_E1_22.96_2.05,p30
CN80_E1_27.91_20.87,p30
CN80_E1_27.87_2.05,p30
CN80_E1_23.94_5.1,p30
CN80_E1_20.02_24.87,p30
CN80_E1_10.91_3.99,p30
CN80_E1_5.91_28.85,p30
CN80_E1_20.91_25.85,p30
CN80_E1_10.92_28.8,p30
CN80_E1_8.97_6.96,p30
CN80_E1_26.96_23.85,p30
CN80_E1_5.93_26.9,p30
CN80_E1_12.02_22.91,p30
CN80_E1_20.92_20.88,p30
CN80_E1_25.92_20.91,p30
CN80_E1_6.91_3.04,p30
CN80_E1_9.9_3.02,p30
CN80_E1_12_26.91,p30
CN80_E1_23.03_22.91,p30
CN80_E1_8.98_7.92,p30
CN80_E1_9.91_2.01,p30
CN80_E1_10.93_27.83,p30
CN80_E1_9.91_6.03,p30
CN80_E1_29.89_5.07,p30
CN80_E1_12.01_23.93,p30
CN80_E1_23.94_4.08,p30
CN80_E1_30.97_2.02,p30
CN80_E1_7.92_5.96,p30
CN80_E1_25_22.89,p30
CN80_E1_23.95_2.07,p30
CN80_E1_25.91_24.9,p30
CN80_E1_8.97_3.98,p30
CN80_E1_21.89_25.83,p30
CN80_E1_25.09_21.92,p30
CN80_E1_10.91_26.84,p30
CN80_E1_24_24.89,p30
CN80_E1_21.9_20.83,p30
CN80_E1_21.95_21.82,p30
CN80_E1_26.96_19.88,p30
CN80_E1_4.95_6.96,p30
CN80_E1_12.99_26.92,p30
CN80_E1_25.87_22.91,p30
CN80_E1_7.95_7.95,p30
CN80_E1_10.93_1.98,p30
CN80_E1_24.03_23.88,p30
CN80_E1_5.93_7.97,p30
CN80_E1_24_20.88,p30
CN80_E1_23.05_23.91,p30
CN80_E1_26.91_4.07,p30
CN80_E1_10.9_25.79,p30
CN80_E1_7.93_3.02,p30
CN80_E1_26.97_24.86,p30
CN80_E1_9.92_22.87,p30
CN80_E1_7.92_24.89,p30
CN80_E1_27.93_22.88,p30
CN80_E1_5.91_24.88,p30
CN80_E1_6.91_5.02,p30
CN80_E1_20.89_23.86,p30
CN80_E1_7.94_25.86,p30
CN80_E1_30.99_4.06,p30
CN80_E1_12.03_5.05,p30
CN80_E1_25.89_2.07,p30
CN80_E1_4.93_7.97,p30
CN80_E1_26.97_21.84,p30
CN80_E1_12_27.92,p30
CN80_E1_6.93_24.9,p30
CN80_E1_23.02_20.91,p30
CN80_E1_7.95_23.87,p30
CN80_E1_5.91_3.04,p30
CN80_E1_27.93_23.88,p30
CN80_E1_27.89_3.09,p30
CN80_E1_21.97_23.82,p30
CN80_E1_11.99_6.03,p30
CN80_E1_30.99_3,p30
CN80_E1_8.96_5.01,p30
CN80_E1_24.93_2.08,p30
CN80_E1_5.9_4.05,p30
CN80_E1_6.93_27.88,p30
CN80_E1_5.93_6.03,p30
CN80_E1_29.9_3.06,p30
CN80_E1_10.9_5.99,p30
CN80_E1_9.9_27.86,p30
CN80_E1_25.91_21.87,p30
CN80_E1_25.9_6.08,p30
CN80_E1_24.93_3.09,p30
CN80_E1_21.9_24.79,p30
CN80_E1_23.93_3.09,p30
CN80_E1_6.93_4.06,p30
CN80_E1_4.94_26.91,p30
CN80_E1_31.84_2.01,p30
CN80_E1_26.92_3.07,p30
CN80_E1_8.98_23.88,p30
CN80_E1_12_25.92,p30
CN80_E1_27.92_19.89,p30
CN80_E1_26.99_22.86,p30
CN80_E1_23.03_25.9,p30
CN80_E1_20.91_22.85,p30
CN80_E1_28.91_5.09,p30
CN80_E1_9.89_26.88,p30
CN80_E1_24_19.91,p30
CN80_E1_24.98_24.88,p30
CN80_E1_26.91_6.06,p30
CN80_E1_13_23.92,p30
CN80_E1_4.94_6.02,p30
CN80_E1_6.91_26.88,p30
CN80_E1_25.89_4.09,p30
CN80_E1_7.94_6.98,p30
CN80_E1_23_21.92,p30
CN80_E1_10.92_4.97,p30
CN80_E1_27.87_5.09,p30
CN80_E1_25.91_19.92,p30
CN80_E1_12.98_3.03,p30
CN80_E1_26.98_20.88,p30
CN80_E1_5.93_5.02,p30
CN80_E1_25.87_5.06,p30
CN80_E1_24.92_6.06,p30
CN80_E1_25.91_23.86,p30
CN80_E1_9.92_24.89,p30
CN80_E1_27.93_24.86,p30
CN80_E1_5.96_25.89,p30
CN80_E1_4.95_25.89,p30
CN80_E1_28.95_23.88,p30
CN80_E1_6.92_6.99,p30
CN80_E1_4.93_27.9,p30
CN80_E1_5.91_6.99,p30
CN80_E1_7.92_5,p30
CN80_E1_11.98_4.08,p30
CN80_E1_20.9_21.84,p30
CN80_E1_10.88_6.93,p30
CN80_E1_30.95_5,p30
CN80_E1_9.9_4.02,p30
CN80_E1_20.02_23.86,p30
CN80_E1_9.93_23.9,p30
CN80_E1_22.95_4.11,p30
CN80_E1_24.96_23.9,p30
CN80_E1_12.14_6.92,p30
CN80_E1_10.93_22.84,p30
CN80_E1_28.9_2.04,p30
CN80_E1_8.99_3,p30
CN80_E1_21.93_22.81,p30
L6CN51_E1_2_7.9_33.02,p70
L6CN51_E1_2_7.9_32.03,p70
L6CN51_E1_2_12.98_33.04,p70
L6CN51_E1_2_8.98_32.02,p70
L6CN51_E1_2_9.91_32.05,p70
L6CN51_E1_2_5.9_32.01,p70
L6CN51_E1_2_11.99_34.05,p70
L6CN51_E1_2_12.96_34.02,p70
L6CN51_E1_2_6.89_33.04,p70
L6CN51_E1_2_8.96_32.99,p70
L6CN51_E1_2_4.93_32.02,p70
L6CN51_E1_2_7.92_34.03,p70
L6CN51_E1_2_9.92_32.99,p70
L6CN51_E1_2_6.88_31.01,p70
L6CN51_E1_2_7.9_31.02,p70
L6CN51_E1_2_4.91_33.04,p70
L6CN51_E1_2_4.92_34.03,p70
L6CN51_E1_2_10.91_34.01,p70
L6CN51_E1_2_11.97_31.03,p70
L6CN51_E1_2_13.94_34.01,p70
L6CN51_E1_2_10.9_32,p70
L6CN51_E1_2_5.88_34.01,p70
L6CN51_E1_2_8.98_31.01,p70
L6CN51_E1_2_9.91_34.05,p70
L6CN51_E1_2_11.99_32.04,p70
L6CN51_E1_2_6.89_32.01,p70
L6CN51_E1_2_10.9_32.99,p70
L6CN51_E1_2_5.9_33.03,p70
L6CN51_E1_2_5.89_31.01,p70
L6CN51_E1_2_6.89_34.02,p70
L6CN51_E1_2_11.99_33.03,p70
L6CN51_E1_2_10.89_30.97,p70
L6CN51_E1_2_8.97_34.03,p70
L6CN51_E1_2_9.88_30.99,p70
CN94_D2_6.96_6.04,p120
CN94_D2_25.95_22.92,p120
CN94_D2_18.96_6.01,p120
CN94_D2_25.94_25.93,p120
CN94_D2_7.93_24.94,p120
CN94_D2_24_24.98,p120
CN94_D2_10.92_27.89,p120
CN94_D2_9.02_26.91,p120
CN94_D2_5.92_26.98,p120
CN94_D2_20.92_20.87,p120
CN94_D2_5.91_23.94,p120
CN94_D2_23_26.94,p120
CN94_D2_27.92_24.92,p120
CN94_D2_7.88_6.96,p120
CN94_D2_18.95_22.92,p120
CN94_D2_20.93_4.98,p120
CN94_D2_6.91_6.97,p120
CN94_D2_9.03_27.95,p120
CN94_D2_25.95_23.93,p120
CN94_D2_26.96_4.02,p120
CN94_D2_6.95_25.98,p120
CN94_D2_10.92_23.87,p120
CN94_D2_19.98_21.9,p120
CN94_D2_2_24.01,p120
CN94_D2_2.98_6.04,p120
CN94_D2_25.94_2.99,p120
CN94_D2_23.01_7.04,p120
CN94_D2_3.88_6.98,p120
CN94_D2_22.99_6.03,p120
CN94_D2_27.97_3.95,p120
CN94_D2_20_20.92,p120
CN94_D2_4.9_7,p120
CN94_D2_5.87_7,p120
CN94_D2_20.94_3.96,p120
CN94_D2_18.92_1.99,p120
CN94_D2_6.97_22.97,p120
CN94_D2_5.93_25.96,p120
CN94_D2_2.96_24.97,p120
CN94_D2_9.05_24.86,p120
CN94_D2_25.96_27.93,p120
CN94_D2_6.88_7.97,p120
CN94_D2_2.91_7.99,p120
CN94_D2_4.95_28.99,p120
CN94_D2_25_23.94,p120
CN94_D2_26.96_22.91,p120
CN94_D2_26.96_25.95,p120
CN94_D2_23.01_5.02,p120
CN94_D2_17.94_2.02,p120
CN94_D2_24.02_23.96,p120
CN94_D2_7.95_23.93,p120
CN94_D2_23.01_27.96,p120
CN94_D2_23.99_5.05,p120
CN94_D2_18.94_26.94,p120
CN94_D2_21.94_21.86,p120
CN94_D2_4.89_8.97,p120
CN94_D2_20.02_1.98,p120
CN94_D2_17.95_4.01,p120
CN94_D2_24.96_20.94,p120
CN94_D2_6.94_23.95,p120
CN94_D2_24.96_5.01,p120
CN94_D2_10.92_26.89,p120
CN94_D2_3.92_25.91,p120
CN94_D2_21.93_5.95,p120
CN94_D2_17.96_5.02,p120
CN94_D2_20.93_5.9,p120
CN94_D2_9.93_21.9,p120
CN94_D2_18.95_23.92,p120
CN94_D2_4.94_6.02,p120
CN94_D2_16.93_5,p120
CN94_D2_27.94_26.91,p120
CN94_D2_9.91_24.9,p120
CN94_D2_20.87_6.95,p120
CN94_D2_7.96_6.03,p120
CN94_D2_6.95_26.98,p120
CN94_D2_18.92_3.99,p120
CN94_D2_27.92_22.9,p120
CN94_D2_11.96_24.98,p120
CN94_D2_3.01_28.97,p120
CN94_D2_4.96_26.99,p120
CN94_D2_25.96_26.95,p120
CN94_D2_26.99_21.96,p120
CN94_D2_6.97_3.07,p120
CN94_D2_26.97_6,p120
CN94_D2_4.95_22.98,p120
CN94_D2_27.94_5.98,p120
CN94_D2_7.9_7.96,p120
CN94_D2_5.88_9.96,p120
CN94_D2_7.96_25.92,p120
CN94_D2_17.96_6.03,p120
CN94_D2_7.89_9.93,p120
CN94_D2_3.93_6.02,p120
CN94_D2_18.9_6.96,p120
CN94_D2_2.01_29.01,p120
CN94_D2_19.99_3.99,p120
CN94_D2_7.92_21.94,p120
CN94_D2_20.02_23.9,p120
CN94_D2_18.92_3.01,p120
CN94_D2_17.95_3.02,p120
CN94_D2_5.91_3.04,p120
CN94_D2_5.92_4.02,p120
CN94_D2_5.88_8.97,p120
CN94_D2_22.98_2.01,p120
CN94_D2_2.94_22.93,p120
CN94_D2_1.95_7.01,p120
CN94_D2_24.96_6,p120
CN94_D2_3.93_23.96,p120
CN94_D2_20.92_23.87,p120
CN94_D2_28.94_21.9,p120
CN94_D2_18.95_25.91,p120
CN94_D2_28.93_20.96,p120
CN94_D2_10.92_25.89,p120
CN94_D2_21.94_4.95,p120
CN94_D2_17.93_6.99,p120
CN94_D2_24.97_3,p120
CN94_D2_21.93_24.88,p120
CN94_D2_11.99_26.94,p120
CN94_D2_20.93_26.9,p120
CN94_D2_21.91_22.87,p120
CN94_D2_27.93_21.93,p120
CN94_D2_5.91_22.92,p120
CN94_D2_3.93_22.96,p120
CN94_D2_10.87_24.9,p120
CN94_D2_21.94_26.88,p120
CN94_D2_24_26.94,p120
CN94_D2_9.93_27.92,p120
CN94_D2_21.95_3.97,p120
CN94_D2_18.93_21.91,p120
CN94_D2_3.94_27.92,p120
CN94_D2_3.88_8.97,p120
CN94_D2_25.92_6,p120
CN94_D2_27.94_23.93,p120
CN94_D2_9.91_25.89,p120
CN94_D2_26.96_26.95,p120
CN94_D2_20.02_22.91,p120
CN94_D2_2.02_24.99,p120
CN94_D2_4.96_27.99,p120
CN94_D2_5.92_27.92,p120
CN94_D2_20.93_2.96,p120
CN94_D2_2.95_27.98,p120
CN94_D2_20.91_27.91,p120
CN94_D2_20.91_22.87,p120
CN94_D2_6.93_27.95,p120
CN94_D2_4.94_29.98,p120
CN94_D2_25.93_24.91,p120
CN94_D2_20.93_24.88,p120
CN94_D2_9.05_21.96,p120
CN94_D2_1.98_26.97,p120
CN94_D2_6.92_9.94,p120
CN94_D2_18.93_24.91,p120
CN94_D2_23.02_24.96,p120
CN94_D2_7.95_27.94,p120
CN94_D2_6.94_28.97,p120
CN94_D2_20.01_3,p120
CN94_D2_25.96_20.92,p120
CN94_D2_20.06_5.02,p120
CN94_D2_20.03_25.93,p120
CN94_D2_1.96_7.99,p120
CN94_D2_24.01_2.03,p120
CN94_D2_22.99_21.94,p120
CN94_D2_24.99_25.94,p120
CN94_D2_24.96_4,p120
CN94_D2_5.9_6.03,p120
CN94_D2_20.02_24.9,p120
CN94_D2_21.93_1.92,p120
CN94_D2_25.94_1.97,p120
CN94_D2_4.92_9.97,p120
CN94_D2_9.02_25.92,p120
CN94_D2_25_24.98,p120
CN94_D2_21.88_6.93,p120
CN94_D2_16.93_6.02,p120
CN94_D2_25.94_21.94,p120
CN94_D2_20.92_1.94,p120
CN94_D2_21.94_27.87,p120
CN94_D2_5.91_5.02,p120
CN94_D2_24.97_22.92,p120
CN94_D2_7.94_5.02,p120
CN94_D2_28.97_23.9,p120
CN94_D2_9.9_26.88,p120
CN94_D2_4.97_24.94,p120
CN94_D2_26.95_27.95,p120
CN94_D2_9.03_22.93,p120
CN94_D2_2.01_25.99,p120
CN94_D2_2.91_8.98,p120
CN94_D2_28.97_25.93,p120
CN94_D2_3.89_26.98,p120
CN94_D2_27.92_5.02,p120
CN94_D2_11.98_27.92,p120
CN94_D2_19.97_6.97,p120
CN94_D2_28.99_24.91,p120
CN94_D2_5.92_28.95,p120
CN94_D2_27.93_3.01,p120
CN94_D2_11.98_25.99,p120
CN94_D2_5.87_7.95,p120
CN94_D2_6.9_8.99,p120
CN94_D2_2.91_9.95,p120
CN94_D2_20.93_25.88,p120
CN94_D2_23.98_3.02,p120
CN94_D2_22.99_4.01,p120
CN94_D2_21.94_23.89,p120
CN94_D2_2.96_23.97,p120
CN94_D2_7.95_26.94,p120
CN94_D2_2.98_26.97,p120
CN94_D2_24_4.03,p120
CN94_D2_4.95_23.96,p120
CN94_D2_20.02_5.99,p120
CN94_D2_7.93_22.93,p120
CN94_D2_2.95_25.96,p120
CN94_D2_24.99_26.94,p120
CN94_D2_7.94_4.04,p120
CN94_D2_24.01_27.94,p120
CN94_D2_27.93_25.94,p120
CN94_D2_3.95_28.97,p120
CN94_D2_25.93_4.01,p120
CN94_D2_21.94_2.95,p120
CN94_D2_24.97_21.93,p120
CN94_D2_4.9_7.99,p120
CN94_D2_21.88_25.87,p120
CN94_D2_4.92_25.93,p120
CN94_D2_26.94_20.93,p120
CN94_D2_26.96_23.93,p120
CN94_D2_26.95_5.03,p120
CN94_D2_23.03_25.94,p120
CN94_D2_22.99_23.95,p120
CN94_D2_26.96_1.97,p120
CN94_D2_26.95_3,p120
CN94_D2_22.99_3.02,p120
CN94_D2_18.94_5.01,p120
CN94_D2_6.96_24.94,p120
CN94_D2_9.92_22.91,p120
CN94_D2_24.96_1.99,p120
CN94_D2_1.98_9.98,p120
CN94_D2_20.92_21.89,p120
CN94_D2_24.02_6.04,p120
CN94_D2_20.03_26.92,p120
CN94_D2_26.97_24.93,p120
CN94_D2_5.9_24.95,p120
CN94_D2_24_25.96,p120
CN94_D2_23.02_22.94,p120
CN94_D2_7.9_8.96,p120
CN94_D2_2.92_6.98,p120
CN94_D2_9.92_23.91,p120
CN94_D2_6.94_4.04,p120
CN94_D2_16.88_6.98,p120
CN94_D2_16.91_3.03,p120
CN94_D2_2_28,p120
CN94_D2_3.88_7.96,p120
CN94_D2_24_20.99,p120
CN94_D2_5.92_29.92,p120
CN94_D2_6.95_5.03,p120
CN94_D2_24.99_27.94,p120
CN94_D2_27.92_20.93,p120
CN94_D2_28.97_22.91,p120
CN94_D2_1.95_8.99,p120
CN94_D2_20.04_27.94,p120
CN94_D2_23.99_22.96,p120
CN94_D2_9.03_23.94,p120
CN94_D2_2_6.07,p120
CN94_D2_10.92_22.89,p120
CN64_C1_21.092_20.92,p120
CN64_C1_16.07_15.905,p120
CN64_C1_19.112_17.945,p120
CN64_C1_20.192_18.906,p120
CN64_C1_23.196_17.933,p120
CN64_C1_23.237_19.908,p120
CN64_C1_25.137_17.921,p120
CN64_C1_20.188_15.931,p120
CN64_C1_22.101_16.898,p120
CN64_C1_21.077_11.923,p120
CN64_C1_22.098_13.9,p120
CN64_C1_24.213_19.914,p120
CN64_C1_23.195_16.934,p120
CN64_C1_23.23_20.93,p120
CN64_C1_18.124_19.945,p120
CN64_C1_18.081_14.926,p120
CN64_C1_18.071_12.909,p120
CN64_C1_24.225_17.909,p120
CN64_C1_24.228_20.898,p120
CN64_C1_20.174_11.937,p120
CN64_C1_24.221_18.915,p120
CN64_C1_18.055_15.948,p120
CN64_C1_21.057_13.924,p120
CN64_C1_16.105_16.927,p120
CN64_C1_18.121_20.914,p120
CN64_C1_17.082_18.926,p120
CN64_C1_19.094_11.939,p120
CN64_C1_22.123_19.891,p120
CN64_C1_17.08_14.932,p120
CN64_C1_18.098_13.927,p120
CN64_C1_18.095_18.942,p120
CN64_C1_19.084_14.931,p120
CN64_C1_19.115_20.928,p120
CN64_C1_20.229_21.918,p120
CN64_C1_23.176_14.92,p120
CN64_C1_19.102_13.917,p120
CN64_C1_25.148_19.922,p120
CN64_C1_17.076_16.918,p120
CN64_C1_22.147_21.914,p120
CN64_C1_19.116_15.934,p120
CN64_C1_23.205_18.939,p120
CN64_C1_22.141_18.889,p120
CN64_C1_20.178_17.901,p120
CN64_C1_20.166_19.887,p120
CN64_C1_22.061_20.836,p120
CN64_C1_22.088_15.901,p120
CN64_C1_20.155_16.909,p120
CN64_C1_20.216_20.904,p120
CN64_C1_23.219_15.966,p120
CN64_C1_21.083_18.938,p120
CN64_C1_17.054_17.941,p120
CN64_C1_17.074_15.926,p120
CN64_C1_19.123_19.899,p120
CN64_C1_21.066_17.929,p120
CN64_C1_21.093_14.952,p120
CN64_C1_19.088_12.914,p120
CN64_C1_23.215_13.957,p120
CN64_C1_21.077_19.923,p120
CN64_C1_20.154_14.908,p120
CN64_C1_22.12_17.875,p120
CN64_C1_21.115_21.924,p120
CN64_C1_21.063_16.932,p120
CN64_C1_22.095_14.91,p120
CN64_C1_21.092_15.946,p120
CN64_C1_19.119_16.93,p120
CN64_C1_20.144_12.905,p120
CN64_C1_16.109_17.929,p120
CN64_C1_21.053_12.942,p120
CN64_C1_19.136_21.932,p120
CN64_C1_25.131_16.925,p120
CN64_C1_18.123_16.946,p120
CN64_C1_20.143_13.89,p120
CN64_C1_25.155_18.935,p120
CN64_C1_23.211_21.929,p120
CN64_C1_24.205_16.932,p120
CN64_C1_22.069_12.918,p120
CN64_C1_24.194_15.957,p120
CN64_C1_19.124_18.921,p120
CN51_C2_2_5.965_30.888,p70
CN51_C2_2_4.981_29.881,p70
CN51_C2_2_1.996_25.956,p70
CN51_C2_2_4.975_26.895,p70
CN51_C2_2_2.989_29.908,p70
CN51_C2_2_3.01_27.933,p70
CN51_C2_2_4.976_28.887,p70
CN51_C2_2_2.007_32.938,p70
CN51_C2_2_5.957_29.916,p70
CN51_C2_2_3.009_32.901,p70
CN51_C2_2_3.984_33.881,p70
CN51_C2_2_2.977_25.938,p70
CN51_C2_2_5.972_31.879,p70
CN51_C2_2_3.95_29.917,p70
CN51_C2_2_3.937_30.92,p70
CN51_C2_2_5.933_28.889,p70
CN51_C2_2_3.944_31.906,p70
CN51_C2_2_2.026_28.94,p70
CN51_C2_2_3.969_32.904,p70
CN51_C2_2_4.991_32.857,p70
CN51_C2_2_4.982_31.881,p70
CN51_C2_2_3.973_27.906,p70
CN51_C2_2_2.015_27.936,p70
CN51_C2_2_2.987_26.921,p70
CN51_C2_2_2.007_29.936,p70
CN51_C2_2_3.947_26.901,p70
CN51_C2_2_6.976_31.894,p70
CN51_C2_2_3.981_28.894,p70
CN51_C2_2_4.978_27.919,p70
CN51_C2_2_2.006_31.917,p70
CN51_C2_2_2.02_30.936,p70
CN51_C2_2_3.004_31.908,p70
CN51_C2_2_4.989_30.884,p70
CN51_C2_2_2.004_26.954,p70
CN51_C2_2_2.974_28.927,p70
CN51_C2_2_2.995_30.912,p70
CN51_C2_2_6.964_30.89,p70
CN51_C2_2_3.942_25.915,p70
CN62_E2_7.078_18.189,p100
CN62_E2_9.135_14.179,p100
CN62_E2_6.061_11.237,p100
CN62_E2_4.107_18.185,p100
CN62_E2_5.084_11.23,p100
CN62_E2_7.091_11.234,p100
CN62_E2_8.07_17.181,p100
CN62_E2_11.027_20.116,p100
CN62_E2_2.211_15.213,p100
CN62_E2_3.159_12.242,p100
CN62_E2_9.173_20.21,p100
CN62_E2_7.082_16.192,p100
CN62_E2_7.106_20.183,p100
CN62_E2_7.099_17.186,p100
CN62_E2_9.154_13.209,p100
CN62_E2_10.035_17.116,p100
CN62_E2_5.108_12.222,p100
CN62_E2_6.05_13.197,p100
CN62_E2_7.075_13.207,p100
CN62_E2_4.11_15.188,p100
CN62_E2_8.076_16.182,p100
CN62_E2_7.086_15.204,p100
CN62_E2_3.154_13.221,p100
CN62_E2_6.082_16.189,p100
CN62_E2_11.039_16.137,p100
CN62_E2_8.076_19.159,p100
CN62_E2_5.126_19.157,p100
CN62_E2_4.112_13.204,p100
CN62_E2_10.035_14.159,p100
CN62_E2_11.033_15.154,p100
CN62_E2_5.108_18.213,p100
CN62_E2_2.228_16.208,p100
CN62_E2_6.074_19.147,p100
CN62_E2_11.056_19.129,p100
CN62_E2_8.068_14.203,p100
CN62_E2_3.151_16.188,p100
CN62_E2_11.042_18.11,p100
CN62_E2_8.083_18.2,p100
CN62_E2_8.092_20.187,p100
CN62_E2_6.076_21.174,p100
CN62_E2_4.113_11.23,p100
CN62_E2_9.162_19.134,p100
CN62_E2_6.028_20.119,p100
CN62_E2_6.057_12.211,p100
CN62_E2_4.133_19.187,p100
CN62_E2_10.048_21.173,p100
CN62_E2_9.148_18.152,p100
CN62_E2_10.051_20.109,p100
CN62_E2_5.098_17.192,p100
CN62_E2_5.104_16.199,p100
CN62_E2_7.099_21.165,p100
CN62_E2_5.109_15.21,p100
CN62_E2_10.037_15.13,p100
CN62_E2_3.143_11.232,p100
CN62_E2_4.117_16.199,p100
CN62_E2_8.105_22.185,p100
CN62_E2_9.15_16.149,p100
CN62_E2_8.07_12.217,p100
CN62_E2_3.151_14.204,p100
CN62_E2_6.067_15.187,p100
CN62_E2_8.1_21.146,p100
CN62_E2_8.062_13.197,p100
CN62_E2_2.205_17.211,p100
CN62_E2_6.071_22.161,p100
CN62_E2_4.12_12.216,p100
CN62_E2_6.082_18.176,p100
CN62_E2_9.119_17.131,p100
CN62_E2_6.069_14.204,p100
CN62_E2_3.158_15.203,p100
CN62_E2_5.131_20.176,p100
CN62_E2_6.091_17.172,p100
CN62_E2_7.083_19.16,p100
CN62_E2_4.115_17.186,p100
CN62_E2_8.069_15.184,p100
CN62_E2_10.058_19.128,p100
CN62_E2_11.082_21.149,p100
CN62_E2_7.078_12.236,p100
CN62_E2_9.142_15.162,p100
CN62_E2_4.113_14.185,p100
CN62_E2_9.158_21.149,p100
CN62_E2_3.174_17.194,p100
CN62_E2_3.171_18.197,p100
CN62_E2_7.087_14.224,p100
CN62_E2_5.103_14.209,p100
CN62_E2_5.105_13.212,p100
CN62_E2_2.205_13.249,p100
CN62_E2_2.199_14.226,p100
CN62_E2_10.037_16.116,p100
CN62_E2_10.058_18.125,p100
CN62_E2_11.056_17.139,p100
CN79_D1_26.92_19.83,p30
CN79_D1_31.86_17.86,p30
CN79_D1_28.89_12.88,p30
CN79_D1_16.94_23.92,p30
CN79_D1_14.02_30.98,p30
CN79_D1_13.05_32.01,p30
CN79_D1_6.98_21.94,p30
CN79_D1_14.99_28.97,p30
CN79_D1_14.95_22.94,p30
CN79_D1_30.98_15.88,p30
CN79_D1_11.01_30.94,p30
CN79_D1_30.98_19.87,p30
CN79_D1_25.92_7.95,p30
CN79_D1_31.85_13.87,p30
CN79_D1_13.06_28,p30
CN79_D1_6_21.99,p30
CN79_D1_9.07_25.98,p30
CN79_D1_31_20.85,p30
CN79_D1_12.05_22.96,p30
CN79_D1_31.87_18.87,p30
CN79_D1_13.06_22.97,p30
CN79_D1_14_28,p30
CN79_D1_10.94_23.91,p30
CN79_D1_15.99_29.98,p30
CN79_D1_28.93_21.92,p30
CN79_D1_14.02_31.94,p30
CN79_D1_29.9_17.87,p30
CN79_D1_26.88_7.94,p30
CN79_D1_28.92_19.89,p30
CN79_D1_27.89_15.89,p30
CN79_D1_27.83_17.89,p30
CN79_D1_10.93_24.92,p30
CN79_D1_12.04_27,p30
CN79_D1_31.83_11.83,p30
CN79_D1_5.86_20.85,p30
CN79_D1_28.92_18.88,p30
CN79_D1_9.94_21.94,p30
CN79_D1_9.95_25.93,p30
CN79_D1_15.96_21.94,p30
CN79_D1_13.03_21.97,p30
CN79_D1_15.98_24.94,p30
CN79_D1_5.94_20,p30
CN79_D1_16.93_21.94,p30
CN79_D1_27.9_16.88,p30
CN79_D1_29.9_15.87,p30
CN79_D1_14_24.94,p30
CN79_D1_15.98_25.95,p30
CN79_D1_30.94_10.84,p30
CN79_D1_31.02_22.87,p30
CN79_D1_28.93_22.9,p30
CN79_D1_14.97_27.97,p30
CN79_D1_27.89_20.92,p30
CN79_D1_9.07_24.93,p30
CN79_D1_15.94_26.96,p30
CN79_D1_12.01_23.99,p30
CN79_D1_9.96_28.94,p30
CN79_D1_12.05_25.99,p30
CN79_D1_10.96_27.93,p30
CN79_D1_17.02_24.9,p30
CN79_D1_16.93_22.89,p30
CN79_D1_13.07_23.99,p30
CN79_D1_27.9_21.9,p30
CN79_D1_28.9_8.94,p30
CN79_D1_15.94_23.94,p30
CN79_D1_12.05_24.98,p30
CN79_D1_31.01_23.88,p30
CN79_D1_31.85_14.84,p30
CN79_D1_13.08_24.97,p30
CN79_D1_9.06_20.9,p30
CN79_D1_31.85_15.85,p30
CN79_D1_15.98_30.97,p30
CN79_D1_16.92_25.92,p30
CN79_D1_7_24.98,p30
CN79_D1_10.97_28.93,p30
CN79_D1_29.93_19.89,p30
CN79_D1_27.88_10.93,p30
CN79_D1_29.89_22.93,p30
CN79_D1_14_25.94,p30
CN79_D1_26.92_8.99,p30
CN79_D1_28.92_15.9,p30
CN79_D1_26.91_9.99,p30
CN79_D1_15.95_31.99,p30
CN79_D1_26.94_18.92,p30
CN79_D1_9.95_29.95,p30
CN79_D1_2.97_20.97,p30
CN79_D1_3.95_19.97,p30
CN79_D1_10.94_25.91,p30
CN79_D1_31.87_20.86,p30
CN79_D1_14.94_21.93,p30
CN79_D1_26.9_13.92,p30
CN79_D1_13.05_29.02,p30
CN79_D1_14.01_26.96,p30
CN79_D1_31.87_16.86,p30
CN79_D1_31.85_22.87,p30
CN79_D1_12.05_30.99,p30
CN79_D1_30.98_16.86,p30
CN79_D1_13.04_27,p30
CN79_D1_29.88_12.86,p30
CN79_D1_12.03_30,p30
CN79_D1_28.93_13.9,p30
CN79_D1_14.98_25.95,p30
CN79_D1_27.86_11.89,p30
CN79_D1_12.04_27.99,p30
CN79_D1_30.99_11.86,p30
CN79_D1_11_29.94,p30
CN79_D1_29.91_20.88,p30
CN79_D1_14.97_26.95,p30
CN79_D1_9.93_26.93,p30
CN79_D1_9.98_22.85,p30
CN79_D1_30.94_12.79,p30
CN79_D1_13.06_31.01,p30
CN79_D1_31.86_19.87,p30
CN79_D1_27.86_18.89,p30
CN79_D1_9.96_27.93,p30
CN79_D1_12.03_29.02,p30
CN79_D1_28.92_17.89,p30
CN79_D1_30.95_13.92,p30
CN79_D1_10.95_22.91,p30
CN79_D1_6.84_23.02,p30
CN79_D1_31_17.86,p30
CN79_D1_3.95_20.98,p30
CN79_D1_13.99_21.94,p30
CN79_D1_14.02_28.97,p30
CN79_D1_13.98_22.97,p30
CN79_D1_13.02_25.98,p30
CN79_D1_29.89_16.87,p30
CN79_D1_15_30.97,p30
CN79_D1_28.82_10.9,p30
CN79_D1_29.91_14.88,p30
CN79_D1_14.94_23.92,p30
CN79_D1_12.04_21.97,p30
CN79_D1_14.95_24.93,p30
CN79_D1_13.02_21.02,p30
CN79_D1_28.91_14.9,p30
CN79_D1_29.89_13.88,p30
CN79_D1_14.01_29.95,p30
CN79_D1_15.97_22.93,p30
CN79_D1_7.89_21.95,p30
CN79_D1_6.96_23.92,p30
CN79_D1_28.91_16.9,p30
CN79_D1_27.85_8.92,p30
CN79_D1_30.94_21.89,p30
CN79_D1_14.97_29.96,p30
CN79_D1_15.98_27.97,p30
CN79_D1_9.89_20.88,p30
CN79_D1_28.93_20.91,p30
CN79_D1_5_20.94,p30
CN79_D1_29.92_18.89,p30
CN79_D1_14_23.95,p30
CN79_D1_10.97_26.93,p30
CN79_D1_30.96_14.85,p30
CN79_D1_9.02_22.92,p30
CN79_D1_9.89_23.94,p30
CN79_D1_13.04_29.98,p30
CN79_D1_4.91_20.08,p30
CN79_D1_27.87_19.87,p30
L7CN85_E1_25.027_22.041,p120
L7CN85_E1_9.942_22.041,p120
L7CN85_E1_27.965_2.024,p120
L7CN85_E1_25.895_7.047,p120
L7CN85_E1_27.904_7.072,p120
L7CN85_E1_24.067_5.14,p120
L7CN85_E1_25.929_9.022,p120
L7CN85_E1_7.935_28.069,p120
L7CN85_E1_27.055_25.04,p120
L7CN85_E1_30.005_29.073,p120
L7CN85_E1_20.888_8.047,p120
L7CN85_E1_25.996_24.002,p120
L7CN85_E1_21.889_6.082,p120
L7CN85_E1_20.044_10.063,p120
L7CN85_E1_23.1_28.103,p120
L7CN85_E1_5.851_4.091,p120
L7CN85_E1_24.034_4.073,p120
L7CN85_E1_9.018_2.082,p120
L7CN85_E1_25.002_6.091,p120
L7CN85_E1_26.014_27.038,p120
L7CN85_E1_26.017_27.98,p120
L7CN85_E1_6.941_21.096,p120
L7CN85_E1_12.954_3.032,p120
L7CN85_E1_26.045_26.032,p120
L7CN85_E1_20.039_6.085,p120
L7CN85_E1_9.004_10.08,p120
L7CN85_E1_27.96_21.065,p120
L7CN85_E1_9.853_5.068,p120
L7CN85_E1_12.022_27.13,p120
L7CN85_E1_26.945_7.064,p120
L7CN85_E1_25.052_23.037,p120
L7CN85_E1_26.9_2.99,p120
L7CN85_E1_6.865_3.066,p120
L7CN85_E1_18.873_3.046,p120
L7CN85_E1_10.919_29.067,p120
L7CN85_E1_27.932_10.078,p120
L7CN85_E1_30.003_22.055,p120
L7CN85_E1_11.974_5.139,p120
L7CN85_E1_27.902_2.992,p120
L7CN85_E1_14.943_27.029,p120
L7CN85_E1_29.938_9.048,p120
L7CN85_E1_25.952_21.035,p120
L7CN85_E1_15.954_23.038,p120
L7CN85_E1_28.941_3.035,p120
L7CN85_E1_24.985_8.061,p120
L7CN85_E1_14.987_23.044,p120
L7CN85_E1_15.95_28.009,p120
L7CN85_E1_10.905_4.105,p120
L7CN85_E1_10.893_6.103,p120
L7CN85_E1_26.957_27.036,p120
L7CN85_E1_14.987_22.029,p120
L7CN85_E1_6.903_28.114,p120
L7CN85_E1_28.938_9.073,p120
L7CN85_E1_13.082_27.113,p120
L7CN85_E1_31.148_27.044,p120
L7CN85_E1_25.953_8.031,p120
L7CN85_E1_31.065_21.047,p120
L7CN85_E1_25.082_27.06,p120
L7CN85_E1_15.969_27.047,p120
L7CN85_E1_7.881_2.077,p120
L7CN85_E1_28.898_8.059,p120
L7CN85_E1_22.95_10.089,p120
L7CN85_E1_21.911_9.058,p120
L7CN85_E1_23.1_23.088,p120
L7CN85_E1_28.978_11.085,p120
L7CN85_E1_7.938_26.097,p120
L7CN85_E1_25.931_19.002,p120
L7CN85_E1_31.148_28.046,p120
L7CN85_E1_12.025_25.123,p120
L7CN85_E1_20.043_5.093,p120
L7CN85_E1_22.994_9.083,p120
L7CN85_E1_30.044_25.048,p120
L7CN85_E1_27.031_23.028,p120
L7CN85_E1_20.921_4.063,p120
L7CN85_E1_20.898_6.077,p120
L7CN85_E1_27.924_11.038,p120
L7CN85_E1_13.019_21.114,p120
L7CN85_E1_4.924_6.065,p120
L7CN85_E1_7.884_5.144,p120
L7CN85_E1_10.935_30.095,p120
L7CN85_E1_29.038_22.073,p120
L7CN85_E1_11.969_2.111,p120
L7CN85_E1_10.881_8.083,p120
L7CN85_E1_26.015_29.015,p120
L7CN85_E1_31.216_26.058,p120
L7CN85_E1_11.915_9.052,p120
L7CN85_E1_25.017_21.056,p120
L7CN85_E1_12.949_9.103,p120
L7CN85_E1_10.96_24.072,p120
L7CN85_E1_9.879_10.05,p120
L7CN85_E1_10.842_5.136,p120
L7CN85_E1_14.038_24.06,p120
L7CN85_E1_11.927_10.105,p120
L7CN85_E1_15.888_5.087,p120
L7CN85_E1_14.917_21.043,p120
L7CN85_E1_20.893_7.052,p120
L7CN85_E1_10.946_26.085,p120
L7CN85_E1_14.932_20.061,p120
L7CN85_E1_9.955_24.003,p120
L7CN85_E1_13.068_25.1,p120
L7CN85_E1_9.007_3.029,p120
L7CN85_E1_9.008_9.039,p120
L7CN85_E1_11.978_6.148,p120
L7CN85_E1_9.949_27.051,p120
L7CN85_E1_21.985_20.073,p120
L7CN85_E1_25.888_6.029,p120
L7CN85_E1_15.972_22.061,p120
L7CN85_E1_13.053_24.083,p120
L7CN85_E1_13.929_8.082,p120
L7CN85_E1_27.889_3.984,p120
L7CN85_E1_24.002_8.082,p120
L7CN85_E1_13.029_23.083,p120
L7CN85_E1_26.886_5.052,p120
L7CN85_E1_6.884_5.132,p120
L7CN85_E1_11.931_3.04,p120
L7CN85_E1_12.982_10.106,p120
L7CN85_E1_14.03_27.055,p120
L7CN85_E1_12.071_30.131,p120
L7CN85_E1_24.018_20.061,p120
L7CN85_E1_8.997_8.083,p120
L7CN85_E1_28.987_21.082,p120
L7CN85_E1_29.022_24.033,p120
L7CN85_E1_6.949_25.107,p120
L7CN85_E1_18.921_2.066,p120
L7CN85_E1_24.064_25.074,p120
L7CN85_E1_32.055_23.976,p120
L7CN85_E1_11.971_29.171,p120
L7CN85_E1_5.849_3.017,p120
L7CN85_E1_7.906_8.117,p120
L7CN85_E1_25.083_24.042,p120
L7CN85_E1_10.85_22.068,p120
L7CN85_E1_24.961_7.074,p120
L7CN85_E1_22.976_7.112,p120
L7CN85_E1_20.892_3.003,p120
L7CN85_E1_16.901_26.037,p120
L7CN85_E1_12.981_19.133,p120
L7CN85_E1_13.948_6.098,p120
L7CN85_E1_12.962_8.122,p120
L7CN85_E1_9.872_8.059,p120
L7CN85_E1_23.963_21.086,p120
L7CN85_E1_7.872_7.113,p120
L7CN85_E1_13.905_7.053,p120
L7CN85_E1_9.902_7.096,p120
L7CN85_E1_12.919_7.091,p120
L7CN85_E1_27.032_30.006,p120
L7CN85_E1_24.974_20.089,p120
L7CN85_E1_29.933_20.045,p120
L7CN85_E1_22.991_20.091,p120
L7CN85_E1_6.892_4.143,p120
L7CN85_E1_10.864_2.055,p120
L7CN85_E1_31.991_22.01,p120
L7CN85_E1_30.021_23.008,p120
L7CN85_E1_6.929_20.109,p120
L7CN85_E1_24.094_22.083,p120
L7CN85_E1_6.819_22.072,p120
L7CN85_E1_6.945_24.111,p120
L7CN85_E1_24.021_3.077,p120
L7CN85_E1_13.932_5.076,p120
L7CN85_E1_23.063_25.078,p120
L7CN85_E1_26.934_9.033,p120
L7CN85_E1_29.937_21.058,p120
L7CN85_E1_28.002_25.019,p120
L7CN85_E1_24.072_26.09,p120
L7CN85_E1_10.858_9.062,p120
L7CN85_E1_6.847_9.119,p120
L7CN85_E1_11.968_24.119,p120
L7CN85_E1_25.906_11.035,p120
L7CN85_E1_7.964_24.095,p120
L7CN85_E1_21.91_7.093,p120
L7CN85_E1_27.996_22.019,p120
L7CN85_E1_9.111_27.093,p120
L7CN85_E1_20.026_4.087,p120
L7CN85_E1_26.997_21.049,p120
L7CN85_E1_15.955_26.041,p120
L7CN85_E1_27.014_29.019,p120
L7CN85_E1_6.035_24.088,p120
L7CN85_E1_11.969_7.131,p120
L7CN85_E1_28.96_20.061,p120
L7CN85_E1_9.017_4.195,p120
L7CN85_E1_14.042_23.056,p120
L7CN85_E1_5.864_2.036,p120
L7CN85_E1_14.969_25.04,p120
L7CN85_E1_26.86_3.968,p120
L7CN85_E1_28.023_27.06,p120
L7CN85_E1_30.06_28.085,p120
L7CN85_E1_28.951_7.095,p120
L7CN85_E1_5.872_9.103,p120
L7CN85_E1_10.86_3.014,p120
L7CN85_E1_27.909_9.04,p120
L7CN85_E1_14.04_26.078,p120
L7CN85_E1_23.001_4.071,p120
L7CN85_E1_13.048_22.085,p120
L7CN85_E1_26.018_23.013,p120
L7CN85_E1_25.904_2.989,p120
L7CN85_E1_27.993_28.034,p120
L7CN85_E1_13.074_29.157,p120
L7CN85_E1_23.045_27.097,p120
L7CN85_E1_30.01_24.035,p120
L7CN85_E1_5.823_7.129,p120
L7CN85_E1_27.998_24.027,p120
L7CN85_E1_20.938_5.067,p120
L7CN85_E1_10.883_23.074,p120
L7CN85_E1_21.851_5.086,p120
L7CN85_E1_24.08_24.079,p120
L7CN85_E1_14.907_8.074,p120
L7CN85_E1_9.056_28.093,p120
L7CN85_E1_26.951_10.031,p120
L7CN85_E1_12.967_6.123,p120
L7CN85_E1_9.079_25.069,p120
L7CN85_E1_10.938_28.091,p120
L7CN85_E1_23.98_7.098,p120
L7CN85_E1_30.05_27.062,p120
L7CN85_E1_22.99_3.065,p120
L7CN85_E1_31.191_25.035,p120
L7CN85_E1_9.873_3.033,p120
L7CN85_E1_27.93_8.061,p120
L7CN85_E1_14.049_22.059,p120
L7CN85_E1_21.907_8.077,p120
L7CN85_E1_24.102_27.109,p120
L7CN85_E1_9.082_26.085,p120
L7CN85_E1_7.921_23.09,p120
L7CN85_E1_28.93_5.097,p120
L7CN85_E1_25.976_12.031,p120
L7CN85_E1_7.967_22.112,p120
L7CN85_E1_25.038_4.029,p120
L7CN85_E1_19.999_7.053,p120
L7CN85_E1_12.976_4.17,p120
L7CN85_E1_14.993_24.062,p120
L7CN85_E1_31.149_23.051,p120
L7CN85_E1_11.983_23.102,p120
L7CN85_E1_29.933_7.095,p120
L7CN85_E1_15.855_6.046,p120
L7CN85_E1_31.109_22.024,p120
L7CN85_E1_5.87_6.108,p120
L7CN85_E1_20.045_2.047,p120
L7CN85_E1_28.916_4.047,p120
L7CN85_E1_9.866_2.021,p120
L7CN85_E1_25.033_11.046,p120
L7CN85_E1_6.968_27.146,p120
L7CN85_E1_28.961_19.066,p120
L7CN85_E1_11.996_22.092,p120
L7CN85_E1_13.067_26.109,p120
L7CN85_E1_9.873_6.066,p120
L7CN85_E1_9.904_4.093,p120
L7CN85_E1_13.066_28.102,p120
L7CN85_E1_21.898_3.031,p120
L7CN85_E1_12.012_21.098,p120
L7CN85_E1_9.952_25.054,p120
L7CN85_E1_5.881_8.107,p120
L7CN85_E1_32.027_24.984,p120
L7CN85_E1_10.955_27.079,p120
L7CN85_E1_10.982_25.081,p120
L7CN85_E1_29.005_26.078,p120
L7CN85_E1_27.986_29.028,p120
L7CN85_E1_12.974_20.09,p120
L7CN85_E1_24.111_23.043,p120
L7CN85_E1_8.963_6.07,p120
L7CN85_E1_9.951_19.97,p120
L7CN85_E1_28.003_26.029,p120
L7CN85_E1_24.961_9.049,p120
L7CN85_E1_9.908_11.07,p120
L7CN85_E1_31.087_28.973,p120
L7CN85_E1_7.871_6.103,p120
L7CN85_E1_31.05_8.051,p120
L7CN85_E1_15.935_7.07,p120
L7CN85_E1_29.044_27.078,p120
L7CN85_E1_9.963_28.065,p120
L7CN85_E1_9.993_26.059,p120
L7CN85_E1_27.978_5.073,p120
L7CN85_E1_14.944_28.027,p120
L7CN85_E1_9.047_24.075,p120
L7CN85_E1_12.075_4.074,p120
L7CN85_E1_25.909_3.983,p120
L7CN85_E1_27.971_23.019,p120
L7CN85_E1_9.072_23.071,p120
L7CN85_E1_20.019_9.064,p120
L7CN85_E1_14.033_25.064,p120
L7CN85_E1_7.862_3.062,p120
L7CN85_E1_23.041_22.111,p120
L7CN85_E1_24.993_3.012,p120
L7CN85_E1_6.871_6.122,p120
L7CN85_E1_25.086_25.066,p120
L7CN85_E1_14.03_28.073,p120
L7CN85_E1_11.971_8.131,p120
L7CN85_E1_12.977_5.128,p120
L7CN85_E1_8.989_5.049,p120
L7CN85_E1_30.069_26.086,p120
L7CN85_E1_29.054_23.061,p120
L7CN85_E1_24.006_10.069,p120
L7CN85_E1_14.008_29.07,p120
L7CN85_E1_7.95_4.131,p120
L7CN85_E1_32.016_25.988,p120
L7CN85_E1_22.933_8.096,p120
L7CN85_E1_26.982_22.031,p120
L7CN85_E1_6.941_23.121,p120
L7CN85_E1_28.956_10.073,p120
L7CN85_E1_25.962_22.007,p120
L7CN85_E1_29.03_25.056,p120
L7CN85_E1_29.022_28.071,p120
L7CN85_E1_9.035_21.075,p120
L7CN85_E1_9.902_21.101,p120
L7CN85_E1_27.023_26.026,p120
L7CN85_E1_15.95_24.001,p120
L7CN85_E1_31.038_7.051,p120
L7CN85_E1_23.061_24.085,p120
L7CN85_E1_12.986_2.052,p120
L7CN85_E1_26.923_1.988,p120
L7CN85_E1_15.003_29.067,p120
L7CN85_E1_29.956_6.104,p120
L7CN85_E1_29.915_8.06,p120
L7CN85_E1_25.87_1.981,p120
L7CN85_E1_9.899_23.052,p120
L7CN85_E1_16.014_25.071,p120
L7CN85_E1_25.936_5.052,p120
L7CN85_E1_9.014_7.12,p120
L7CN85_E1_27.915_6.071,p120
L7CN85_E1_14.018_30.017,p120
L7CN85_E1_6.9_2.08,p120
L7CN85_E1_7.952_27.115,p120
L7CN85_E1_16.997_27.06,p120
L7CN85_E1_26.005_25.016,p120
L7CN85_E1_31.142_24.013,p120
L7CN85_E1_28.954_6.119,p120
L7CN85_E1_23.98_9.069,p120
L7CN85_E1_23.012_5.162,p120
L7CN85_E1_13.984_21.073,p120
L7CN85_E1_12.041_28.142,p120
L7CN85_E1_14.858_7.041,p120
L7CN85_E1_26.897_6.044,p120
L7CN85_E1_6.855_7.113,p120
L7CN85_E1_7.943_25.102,p120
L7CN85_E1_6.91_8.14,p120
L7CN85_E1_5.922_21.059,p120
L7CN85_E1_21.931_9.961,p120
L7CN85_E1_21.832_4.084,p120
L7CN85_E1_5.893_5.129,p120
L7CN85_E1_7.88_9.124,p120
L7CN85_E1_25.001_5.104,p120
L7CN85_E1_10.897_7.109,p120
L7CN85_E1_31.032_6.07,p120
L7CN85_E1_9.066_22.09,p120
L7CN85_E1_26.952_8.047,p120
L7CN85_E1_14.996_26.05,p120
L7CN85_E1_12.055_26.112,p120
L7CN85_E1_20.913_9.047,p120
L7CN85_E1_7.927_21.109,p120
L7CN85_E1_4.874_9.1,p120
L7CN85_E1_26.959_24.004,p120
L7CN85_E1_25.903_10.044,p120
CN52_C2_2_10.953_32.934,p70
CN52_C2_2_11.977_31.004,p70
CN52_C2_2_13.971_33.013,p70
CN52_C2_2_5.906_33,p70
CN52_C2_2_7.934_28.965,p70
CN52_C2_2_9.924_33.027,p70
CN52_C2_2_5.916_32.014,p70
CN52_C2_2_8.959_28.937,p70
CN52_C2_2_13.987_34.001,p70
CN52_C2_2_6.918_32.009,p70
CN52_C2_2_4.929_31.033,p70
CN52_C2_2_5.899_30.01,p70
CN52_C2_2_3.951_31.037,p70
CN52_C2_2_7.959_34.002,p70
CN52_C2_2_9.931_31.982,p70
CN52_C2_2_13.043_34.009,p70
CN52_C2_2_9.909_28.973,p70
CN52_C2_2_3.937_33.019,p70
CN52_C2_2_5.884_31.055,p70
CN52_C2_2_6.9_29.014,p70
CN52_C2_2_11.988_31.997,p70
CN52_C2_2_5.881_29.031,p70
CN52_C2_2_10.961_33.973,p70
CN52_C2_2_3.931_32.002,p70
CN52_C2_2_7.944_33.006,p70
CN52_C2_2_2.957_34.053,p70
CN52_C2_2_9.92_29.97,p70
CN52_C2_2_13.012_32.99,p70
CN52_C2_2_8.979_33.978,p70
CN52_C2_2_4.945_34.001,p70
CN52_C2_2_10.946_30.941,p70
CN52_C2_2_4.924_29.011,p70
CN52_C2_2_6.935_33.986,p70
CN52_C2_2_5.899_34.016,p70
CN52_C2_2_4.92_33.001,p70
CN52_C2_2_7.939_29.987,p70
CN52_C2_2_6.93_32.983,p70
CN52_C2_2_2.94_33.046,p70
CN52_C2_2_6.933_29.987,p70
CN52_C2_2_9.91_30.992,p70
CN52_C2_2_12.026_30.008,p70
CN52_C2_2_9.932_34.002,p70
CN52_C2_2_3.934_34.046,p70
CN52_C2_2_3.922_30.018,p70
CN52_C2_2_10.977_31.964,p70
CN52_C2_2_7.927_31.986,p70
CN52_C2_2_12.006_34.029,p70
CN52_C2_2_10.954_29.943,p70
CN52_C2_2_4.928_30.012,p70
CN52_C2_2_8.998_32.967,p70
CN52_C2_2_10.949_28.994,p70
CN52_C2_2_4.922_31.993,p70
CN52_C2_2_7.934_30.987,p70
CN52_C2_2_6.909_31.007,p70
CN52_C2_2_8.999_30.947,p70
CN52_C2_2_8.995_31.971,p70
CN52_C2_2_12.004_33.006,p70
CN52_C2_2_8.995_29.968,p70
CN52_C2_2_3.912_29.009,p70
CN52_C2_2_13.026_32.016,p70
L7CN84_E1_20.912_20.894,p100
L7CN84_E1_11.972_5.003,p100
L7CN84_E1_27.88_6.942,p100
L7CN84_E1_9.887_27.893,p100
L7CN84_E1_21.917_21.938,p100
L7CN84_E1_12.927_6.978,p100
L7CN84_E1_3.938_9.93,p100
L7CN84_E1_11.989_22.942,p100
L7CN84_E1_7.92_3.043,p100
L7CN84_E1_26.928_25.964,p100
L7CN84_E1_26.883_22.894,p100
L7CN84_E1_12.959_7.978,p100
L7CN84_E1_12.953_20.954,p100
L7CN84_E1_25.976_18.944,p100
L7CN84_E1_12.93_27.944,p100
L7CN84_E1_5.922_23.891,p100
L7CN84_E1_12.921_22.932,p100
L7CN84_E1_3.938_8.974,p100
L7CN84_E1_27.887_21.914,p100
L7CN84_E1_13.926_10.012,p100
L7CN84_E1_23.956_25.913,p100
L7CN84_E1_28.951_2.959,p100
L7CN84_E1_29.933_21.912,p100
L7CN84_E1_7.893_3.995,p100
L7CN84_E1_12.924_25.943,p100
L7CN84_E1_20.947_5.902,p100
L7CN84_E1_23.008_2.932,p100
L7CN84_E1_25.985_5.979,p100
L7CN84_E1_24.98_2.964,p100
L7CN84_E1_26.026_19.933,p100
L7CN84_E1_28.95_1.96,p100
L7CN84_E1_6.847_4.993,p100
L7CN84_E1_28.922_23.934,p100
L7CN84_E1_10.835_21.913,p100
L7CN84_E1_10.883_20.925,p100
L7CN84_E1_7.933_6.991,p100
L7CN84_E1_5.912_22.935,p100
L7CN84_E1_4.883_6.977,p100
L7CN84_E1_10.833_4.075,p100
L7CN84_E1_12.116_10,p100
L7CN84_E1_15.022_27.926,p100
L7CN84_E1_9.015_21.906,p100
L7CN84_E1_26.932_6.953,p100
L7CN84_E1_11.983_25.958,p100
L7CN84_E1_26.905_23.899,p100
L7CN84_E1_4.083_7.066,p100
L7CN84_E1_28.944_24.922,p100
L7CN84_E1_12_20.952,p100
L7CN84_E1_28.939_25.927,p100
L7CN84_E1_6.886_22.968,p100
L7CN84_E1_8.997_11.934,p100
L7CN84_E1_27.949_1.938,p100
L7CN84_E1_22.985_25.889,p100
L7CN84_E1_8.953_6.938,p100
L7CN84_E1_10.906_26.93,p100
L7CN84_E1_23.998_3.936,p100
L7CN84_E1_26.91_18.933,p100
L7CN84_E1_12.008_9.002,p100
L7CN84_E1_27.882_26.899,p100
L7CN84_E1_28.943_21.938,p100
L7CN84_E1_9.864_22.914,p100
L7CN84_E1_12.97_28.943,p100
L7CN84_E1_24.955_6.974,p100
L7CN84_E1_14.957_22.929,p100
L7CN84_E1_6.939_10.999,p100
L7CN84_E1_12.945_26.93,p100
L7CN84_E1_12.959_24.94,p100
L7CN84_E1_20.797_22.806,p100
L7CN84_E1_9.885_20.911,p100
L7CN84_E1_10.872_8.951,p100
L7CN84_E1_26.882_3.912,p100
L7CN84_E1_6.934_9.003,p100
L7CN84_E1_5.898_9.964,p100
L7CN84_E1_8.993_9.917,p100
L7CN84_E1_27.908_25.916,p100
L7CN84_E1_25.022_5.033,p100
L7CN84_E1_21.874_23.915,p100
L7CN84_E1_8.973_25.889,p100
L7CN84_E1_13.959_21.96,p100
L7CN84_E1_29.939_5.959,p100
L7CN84_E1_24.948_21.98,p100
L7CN84_E1_12.03_29.953,p100
L7CN84_E1_14.951_24.942,p100
L7CN84_E1_21.886_20.878,p100
L7CN84_E1_23.023_20.94,p100
L7CN84_E1_12.016_28.987,p100
L7CN84_E1_7.937_11.975,p100
L7CN84_E1_24.961_23.924,p100
L7CN84_E1_23.973_23.906,p100
L7CN84_E1_26.912_21.924,p100
L7CN84_E1_11.985_23.945,p100
L7CN84_E1_20.892_19.884,p100
L7CN84_E1_7.956_24.947,p100
L7CN84_E1_23.955_27.891,p100
L7CN84_E1_28.935_3.896,p100
L7CN84_E1_23.981_20.905,p100
L7CN84_E1_10.816_9.974,p100
L7CN84_E1_22.985_18.921,p100
L7CN84_E1_12.01_24.956,p100
L7CN84_E1_25.005_3.939,p100
L7CN84_E1_6.938_7.019,p100
L7CN84_E1_20.885_21.911,p100
L7CN84_E1_4.9_8.955,p100
L7CN84_E1_27.907_2.931,p100
L7CN84_E1_11.978_26.951,p100
L7CN84_E1_5.87_7.935,p100
L7CN84_E1_22.989_21.946,p100
L7CN84_E1_12.006_7.008,p100
L7CN84_E1_8.987_22.915,p100
L7CN84_E1_26.922_5.959,p100
L7CN84_E1_28.946_19.935,p100
L7CN84_E1_27.92_24.891,p100
L7CN84_E1_12.949_8.975,p100
L7CN84_E1_6.931_24.978,p100
L7CN84_E1_7.929_8.978,p100
L7CN84_E1_12.935_9.969,p100
L7CN84_E1_27.907_20.91,p100
L7CN84_E1_13.057_10.914,p100
L7CN84_E1_21.873_8.94,p100
L7CN84_E1_9.912_23.937,p100
L7CN84_E1_25.99_3.97,p100
L7CN84_E1_6.941_6.044,p100
L7CN84_E1_23.016_24.926,p100
L7CN84_E1_21.877_2.909,p100
L7CN84_E1_25.963_21.964,p100
L7CN84_E1_13.928_22.945,p100
L7CN84_E1_25.987_6.967,p100
L7CN84_E1_26.997_27.907,p100
L7CN84_E1_9.014_20.904,p100
L7CN84_E1_13.942_10.93,p100
L7CN84_E1_10.765_10.839,p100
L7CN84_E1_29.933_6.951,p100
L7CN84_E1_27.874_5.936,p100
L7CN84_E1_4.874_9.949,p100
L7CN84_E1_26.01_2.949,p100
L7CN84_E1_11.969_27.981,p100
L7CN84_E1_15.912_25.95,p100
L7CN84_E1_8.92_27.9,p100
L7CN84_E1_9.031_24.898,p100
L7CN84_E1_6.873_21.958,p100
L7CN84_E1_9.055_10.956,p100
L7CN84_E1_7.95_23.937,p100
L7CN84_E1_4.924_10.97,p100
L7CN84_E1_24.968_18.966,p100
L7CN84_E1_28.943_20.986,p100
L7CN84_E1_9.864_9.926,p100
L7CN84_E1_22.981_19.932,p100
L7CN84_E1_5.892_6.984,p100
L7CN84_E1_8.99_4.966,p100
L7CN84_E1_21.899_24.91,p100
L7CN84_E1_24.969_20.929,p100
L7CN84_E1_26.002_1.947,p100
L7CN84_E1_25.969_20.914,p100
L7CN84_E1_31.038_22.909,p100
L7CN84_E1_10.816_22.935,p100
L7CN84_E1_9.905_10.953,p100
L7CN84_E1_12.947_23.928,p100
L7CN84_E1_7.935_22.951,p100
L7CN84_E1_6.931_10.014,p100
L7CN84_E1_12.859_3.62,p100
L7CN84_E1_20.917_4.946,p100
L7CN84_E1_23.96_18.932,p100
L7CN84_E1_8.94_5.912,p100
L7CN84_E1_13.937_7.997,p100
L7CN84_E1_13.943_26.95,p100
L7CN84_E1_23.961_22.927,p100
L7CN84_E1_7.956_28.935,p100
L7CN84_E1_9.005_23.906,p100
L7CN84_E1_12.004_8.022,p100
L7CN84_E1_28.95_7.97,p100
L7CN84_E1_9.006_7.962,p100
L7CN84_E1_13.959_24.944,p100
L7CN84_E1_6.943_20.983,p100
L7CN84_E1_9.908_25.935,p100
L7CN84_E1_10.874_23.915,p100
L7CN84_E1_13.93_23.943,p100
L7CN84_E1_23.004_6.95,p100
L7CN84_E1_25.006_6,p100
L7CN84_E1_23.973_24.9,p100
L7CN84_E1_21.883_18.935,p100
L7CN84_E1_14.921_26.882,p100
L7CN84_E1_9.885_21.914,p100
L7CN84_E1_6.944_11.961,p100
L7CN84_E1_23.042_23.909,p100
L7CN84_E1_5.907_4.982,p100
L7CN84_E1_6.907_25.964,p100
L7CN84_E1_7.91_25.93,p100
L7CN84_E1_7.888_4.991,p100
L7CN84_E1_10.876_6.987,p100
L7CN84_E1_20.931_1.925,p100
L7CN84_E1_7.927_20.935,p100
L7CN84_E1_10.885_28.888,p100
L7CN84_E1_25.983_24.921,p100
L7CN84_E1_26.923_19.926,p100
L7CN84_E1_27.872_19.912,p100
L7CN84_E1_7.934_9.991,p100
L7CN84_E1_29.932_23.921,p100
L7CN84_E1_9.022_3.971,p100
L7CN84_E1_9.069_26.929,p100
L7CN84_E1_5.886_5.977,p100
L7CN84_E1_13.979_20.972,p100
L7CN84_E1_28.932_6.994,p100
L7CN84_E1_29.805_3.847,p100
L7CN84_E1_24.99_22.956,p100
L7CN84_E1_4.941_6.061,p100
L7CN84_E1_9.87_6.972,p100
L7CN84_E1_8.979_28.897,p100
L7CN84_E1_23.967_19.914,p100
L7CN84_E1_9.915_7.976,p100
L7CN84_E1_24.996_19.955,p100
L7CN84_E1_26.952_1.936,p100
L7CN84_E1_9.903_26.948,p100
L7CN84_E1_10.951_29.9,p100
L7CN84_E1_12.983_5.003,p100
L7CN84_E1_12.01_4.03,p100
L7CN84_E1_27.892_18.916,p100
L7CN84_E1_13.968_28.969,p100
L7CN84_E1_6.913_23.951,p100
L7CN84_E1_24.965_8.979,p100
L7CN84_E1_20.887_2.9,p100
L7CN84_E1_23.945_6.888,p100
L7CN84_E1_27.943_7.947,p100
L7CN84_E1_25.979_23.928,p100
L7CN84_E1_24.003_4.986,p100
L7CN84_E1_4.891_7.967,p100
L7CN84_E1_23.965_1.927,p100
L7CN84_E1_5.871_8.947,p100
L7CN84_E1_26.9_8.931,p100
L7CN84_E1_25.976_8.963,p100
L7CN84_E1_9.904_24.898,p100
L7CN84_E1_21.885_19.915,p100
L7CN84_E1_7.927_7.984,p100
L7CN84_E1_26.934_2.926,p100
L7CN84_E1_9.872_3.965,p100
L7CN84_E1_23.024_3.937,p100
L7CN84_E1_9.945_4.979,p100
L7CN84_E1_10.891_25.951,p100
L7CN84_E1_12.934_21.935,p100
L7CN84_E1_23.961_2.937,p100
L7CN84_E1_7.919_5.985,p100
L7CN84_E1_24.966_9.984,p100
L7CN84_E1_20.892_3.954,p100
L7CN84_E1_5.872_10.932,p100
L7CN84_E1_15.033_25.964,p100
L7CN84_E1_7.946_10.978,p100
L7CN84_E1_13.938_6.057,p100
L7CN84_E1_3.95_7.988,p100
L7CN84_E1_15.995_24.959,p100
L7CN84_E1_29.918_22.918,p100
L7CN84_E1_21.849_3.965,p100
L7CN84_E1_25.989_7.941,p100
L7CN84_E1_12.893_6.009,p100
L7CN84_E1_26.883_4.972,p100
L7CN84_E1_10.907_11.971,p100
L7CN84_E1_14.969_23.946,p100
L7CN84_E1_10.879_7.948,p100
L7CN84_E1_9.843_8.947,p100
L7CN84_E1_23.961_21.953,p100
L7CN84_E1_7.916_21.959,p100
L7CN84_E1_28.918_4.993,p100
L7CN84_E1_27.846_22.88,p100
L7CN84_E1_27.891_23.914,p100
L7CN84_E1_10.862_5.966,p100
L7CN84_E1_8.943_3.013,p100
L7CN84_E1_26.081_4.992,p100
L7CN84_E1_28.919_5.978,p100
L7CN84_E1_22.98_4.981,p100
L7CN84_E1_21.93_1.934,p100
L7CN84_E1_27.832_8.909,p100
L7CN84_E1_28.901_26.881,p100
L7CN84_E1_26.013_22.946,p100
L7CN84_E1_23.036_22.926,p100
L7CN84_E1_26.938_7.957,p100
L7CN84_E1_27.937_4.963,p100
L7CN84_E1_13.95_25.965,p100
L7CN84_E1_24.994_24.93,p100
L7CN84_E1_14.981_21.942,p100
L7CN84_E1_23.023_1.938,p100
L7CN84_E1_21.871_4.924,p100
L7CN84_E1_26.937_24.921,p100
L7CN84_E1_6.885_8.007,p100
L7CN84_E1_27.883_3.884,p100
L7CN84_E1_29.964_24.88,p100
L7CN84_E1_28.947_22.921,p100
L7CN84_E1_26.922_20.903,p100
L7CN84_E1_6.923_4.032,p100
L7CN84_E1_21.869_5.957,p100
L7CN84_E1_9.825_5.94,p100
L7CN84_E1_10.89_24.918,p100
L7CN84_E1_21.938_6.869,p100
L7CN84_E1_8.967_8.901,p100
L7CN84_E1_11.977_6.008,p100
L7CN84_E1_7.935_26.916,p100
L7CN84_E1_21.896_7.94,p100
L7CN84_E1_10.856_4.972,p100
L7CN84_E1_14.004_28.006,p100
L7CN84_E1_11.962_21.959,p100
L7CN84_E1_29.794_2.909,p100
L7CN84_E1_23.977_26.876,p100
CN63_E2_14.937_8.994,p100
CN63_E2_15.98_8.968,p100
CN63_E2_14.968_12.899,p100
CN63_E2_20.909_7.964,p100
CN63_E2_13.053_11.95,p100
CN63_E2_15.971_9.911,p100
CN63_E2_15.99_7.938,p100
CN63_E2_21.938_13.854,p100
CN63_E2_17.922_6.961,p100
CN63_E2_16.935_8.976,p100
CN63_E2_19.984_5.956,p100
CN63_E2_19.994_8.903,p100
CN63_E2_16.938_11.887,p100
CN63_E2_18.946_10.905,p100
CN63_E2_21.938_9.877,p100
CN63_E2_21.88_7.908,p100
CN63_E2_23.016_6.972,p100
CN63_E2_18.944_13.866,p100
CN63_E2_23.975_12.938,p100
CN63_E2_20.906_10.89,p100
CN63_E2_16.919_7.913,p100
CN63_E2_19.998_12.867,p100
CN63_E2_18.928_8.928,p100
CN63_E2_22.985_11.898,p100
CN63_E2_14.958_11.915,p100
CN63_E2_15.984_11.902,p100
CN63_E2_23.006_9.923,p100
CN63_E2_14.952_6.973,p100
CN63_E2_13.042_13.927,p100
CN63_E2_20.006_7.907,p100
CN63_E2_14.008_9.91,p100
CN63_E2_18.935_5.984,p100
CN63_E2_20.894_8.907,p100
CN63_E2_20.012_10.906,p100
CN63_E2_20.921_13.873,p100
CN63_E2_15.96_6.934,p100
CN63_E2_23.983_11.892,p100
CN63_E2_14.007_8.932,p100
CN63_E2_17.935_8.926,p100
CN63_E2_13.055_10.946,p100
CN63_E2_16.94_13.885,p100
CN63_E2_18.943_9.874,p100
CN63_E2_14.964_13.888,p100
CN63_E2_17.942_13.888,p100
CN63_E2_23.012_10.912,p100
CN63_E2_19.988_13.877,p100
CN63_E2_20.907_11.897,p100
CN63_E2_21.911_8.898,p100
CN63_E2_13.029_9.948,p100
CN63_E2_14.015_10.924,p100
CN63_E2_19.966_9.882,p100
CN63_E2_21.917_6.952,p100
CN63_E2_18.915_7.927,p100
CN63_E2_17.939_9.89,p100
CN63_E2_16.935_12.881,p100
CN63_E2_13.996_7.993,p100
CN63_E2_17.938_11.887,p100
CN63_E2_17.916_5.999,p100
CN63_E2_14.022_11.912,p100
CN63_E2_21.901_10.854,p100
CN63_E2_16.921_6.029,p100
CN63_E2_14.933_10.925,p100
CN63_E2_23.956_10.926,p100
CN63_E2_16.917_6.954,p100
CN63_E2_18.933_11.853,p100
CN63_E2_20.913_9.9,p100
CN63_E2_14.945_14.887,p100
CN63_E2_20.906_5.996,p100
CN63_E2_17.926_12.883,p100
CN63_E2_23.021_7.917,p100
CN63_E2_16.88_9.932,p100
CN63_E2_15.984_15.877,p100
CN63_E2_22.991_8.928,p100
CN63_E2_22.988_13.891,p100
CN63_E2_16.939_14.893,p100
CN63_E2_15.974_10.871,p100
CN63_E2_23.97_9.929,p100
CN63_E2_17.939_10.917,p100
CN63_E2_14.004_12.917,p100
CN63_E2_18.928_6.933,p100
CN63_E2_22.993_12.909,p100
CN63_E2_21.951_11.852,p100
CN63_E2_20.924_12.89,p100
CN63_E2_21.915_12.847,p100
CN63_E2_23.945_7.957,p100
CN63_E2_16.937_10.895,p100
CN63_E2_15.977_13.858,p100
CN63_E2_20.911_6.978,p100
CN63_E2_17.914_7.931,p100
CN63_E2_13.014_8.984,p100
CN63_E2_19.975_6.964,p100
CN63_E2_15.973_5.964,p100
CN63_E2_18.933_12.871,p100
CN63_E2_19.978_11.865,p100
CN63_E2_23.978_8.908,p100
CN63_E2_21.927_5.981,p100
CN63_E2_14.939_9.916,p100
CN63_E2_15.983_12.875,p100
CN63_E2_13.994_6.944,p100
CN94_D1_26.96_8.04,p120
CN94_D1_27.95_24,p120
CN94_D1_29.96_21.04,p120
CN94_D1_14.04_27.11,p120
CN94_D1_9.93_6.05,p120
CN94_D1_29_25,p120
CN94_D1_29.94_7.01,p120
CN94_D1_7.96_5.05,p120
CN94_D1_31.02_19.98,p120
CN94_D1_9.07_13,p120
CN94_D1_10.97_3.05,p120
CN94_D1_28.97_5.05,p120
CN94_D1_9.1_26.1,p120
CN94_D1_28.98_9,p120
CN94_D1_6.98_9.05,p120
CN94_D1_9.91_3.02,p120
CN94_D1_12.07_11.06,p120
CN94_D1_6.99_7.07,p120
CN94_D1_27_9.08,p120
CN94_D1_28.97_22.04,p120
CN94_D1_29.03_26.01,p120
CN94_D1_12.04_22.06,p120
CN94_D1_31.06_25.96,p120
CN94_D1_31.88_4,p120
CN94_D1_10.91_7,p120
CN94_D1_10.04_32.09,p120
CN94_D1_9.09_10.03,p120
CN94_D1_28.99_20.01,p120
CN94_D1_31.01_3.02,p120
CN94_D1_5.95_11.02,p120
CN94_D1_11.99_2.06,p120
CN94_D1_6.98_8.05,p120
CN94_D1_28.95_8.02,p120
CN94_D1_5_10.02,p120
CN94_D1_9.09_11.02,p120
CN94_D1_9.99_31.07,p120
CN94_D1_9.96_27.04,p120
CN94_D1_10.94_8.99,p120
CN94_D1_31.89_2.99,p120
CN94_D1_13.1_26.99,p120
CN94_D1_9.93_9.01,p120
CN94_D1_29.96_19.99,p120
CN94_D1_7.97_7.05,p120
CN94_D1_26.96_5.07,p120
CN94_D1_14.92_6.06,p120
CN94_D1_10.02_11.04,p120
CN94_D1_27.92_7.04,p120
CN94_D1_29.98_3.04,p120
CN94_D1_10.98_26.02,p120
CN94_D1_15.01_23,p120
CN94_D1_10_24.03,p120
CN94_D1_9.97_28.04,p120
CN94_D1_13.03_3.07,p120
CN94_D1_27.94_22.02,p120
CN94_D1_8.01_26.01,p120
CN94_D1_13.05_6.09,p120
CN94_D1_31.04_18.96,p120
CN94_D1_9.92_5,p120
CN94_D1_31.1_22.96,p120
CN94_D1_10.92_12.91,p120
CN94_D1_9.92_4.02,p120
CN94_D1_31.02_5.02,p120
CN94_D1_13.03_5.09,p120
CN94_D1_12.09_25.08,p120
CN94_D1_27.96_21.05,p120
CN94_D1_10.95_25.03,p120
CN94_D1_7.99_11.02,p120
CN94_D1_9.11_30.09,p120
CN94_D1_10.9_6.01,p120
CN94_D1_9.95_29.04,p120
CN94_D1_7.04_28.1,p120
CN94_D1_13.07_24.09,p120
CN94_D1_12.07_31.13,p120
CN94_D1_13.05_22.06,p120
CN94_D1_10.93_1.99,p120
CN94_D1_29.95_7.99,p120
CN94_D1_11.82_3.08,p120
CN94_D1_28.98_10,p120
CN94_D1_9.95_11.98,p120
CN94_D1_16.04_27.19,p120
CN94_D1_14.05_23,p120
CN94_D1_7.95_6.07,p120
CN94_D1_14.07_28.11,p120
CN94_D1_13.05_4.09,p120
CN94_D1_13.07_7.06,p120
CN94_D1_14.02_30,p120
CN94_D1_28.96_7.03,p120
CN94_D1_14_6.07,p120
CN94_D1_6.97_11.03,p120
CN94_D1_11_23.04,p120
CN94_D1_13.08_30.1,p120
CN94_D1_10.99_32.03,p120
CN94_D1_28.95_3.03,p120
CN94_D1_31.9_4.99,p120
CN94_D1_27.92_5.05,p120
CN94_D1_9.09_32.11,p120
CN94_D1_14.04_25.07,p120
CN94_D1_9.1_29.06,p120
CN94_D1_29.93_2.02,p120
CN94_D1_5.92_10.02,p120
CN94_D1_18_10.03,p120
CN94_D1_13.97_4.08,p120
CN94_D1_31.89_5.97,p120
CN94_D1_31.96_23.94,p120
CN94_D1_10.93_5.02,p120
CN94_D1_28.97_21.05,p120
CN94_D1_16.06_26.09,p120
CN94_D1_7.99_8.04,p120
CN94_D1_12.07_29.13,p120
CN94_D1_9.04_4.06,p120
CN94_D1_27.98_25.05,p120
CN94_D1_11.92_4.12,p120
CN94_D1_30.99_22,p120
CN94_D1_27.9_4.06,p120
CN94_D1_11.02_28.04,p120
CN94_D1_31.94_22.93,p120
CN94_D1_7.01_12.04,p120
CN94_D1_10.99_26.99,p120
CN94_D1_10.93_4.03,p120
CN94_D1_30_23.98,p120
CN94_D1_6.98_6.08,p120
CN94_D1_28.99_19.01,p120
CN94_D1_9.98_30.06,p120
CN94_D1_31.04_5.99,p120
CN94_D1_31.04_8.97,p120
CN94_D1_15.03_27.1,p120
CN94_D1_12.05_9.04,p120
CN94_D1_29.98_24.98,p120
CN94_D1_31.01_4.03,p120
CN94_D1_12.04_24.11,p120
CN94_D1_5.94_9.05,p120
CN94_D1_29.01_23.98,p120
CN94_D1_13.08_8.04,p120
CN94_D1_29.99_22.98,p120
CN94_D1_9.99_25.98,p120
CN94_D1_9.06_25.06,p120
CN94_D1_14.96_26.12,p120
CN94_D1_9.93_10.01,p120
CN94_D1_9.95_2,p120
CN94_D1_29.93_4.04,p120
CN94_D1_28.95_4.04,p120
CN94_D1_29.93_9,p120
CN94_D1_26.98_7.07,p120
CN94_D1_31.01_2,p120
CN94_D1_16.06_25.1,p120
CN94_D1_10.97_8,p120
CN94_D1_28.99_2.07,p120
CN94_D1_7.98_9.01,p120
CN94_D1_10.99_30.06,p120
CN94_D1_26.97_6.03,p120
CN94_D1_9.06_6.07,p120
CN94_D1_11.03_31.03,p120
CN94_D1_15.04_29.05,p120
CN94_D1_29.93_5.04,p120
CN94_D1_14.99_7.02,p120
CN94_D1_13.08_29.1,p120
CN94_D1_14.06_26.09,p120
CN94_D1_9.09_27.06,p120
CN94_D1_12.05_12.03,p120
CN94_D1_7.01_10,p120
CN94_D1_13.14_28.15,p120
CN94_D1_14.02_9.03,p120
CN94_D1_11_24.02,p120
CN94_D1_16.02_24.04,p120
CN94_D1_13.98_7.04,p120
CN94_D1_11.04_22.02,p120
CN94_D1_13.09_25.12,p120
CN94_D1_12.05_27.05,p120
CN94_D1_8.01_29.1,p120
CN94_D1_11.96_7.13,p120
CN94_D1_12.03_10.06,p120
CN94_D1_14.05_29.1,p120
CN94_D1_12.98_23.11,p120
CN94_D1_27.95_8.02,p120
CN94_D1_31.92_20.98,p120
CN94_D1_9.97_25.02,p120
CN94_D1_8.01_27.08,p120
CN94_D1_31.03_6.99,p120
CN94_D1_31.94_24.94,p120
CN94_D1_14.97_25.1,p120
CN94_D1_8.99_5,p120
CN94_D1_10.94_9.97,p120
CN94_D1_11.98_5.07,p120
CN94_D1_31.05_21.01,p120
CN94_D1_27.9_9.01,p120
CN94_D1_31.91_8,p120
CN94_D1_27.91_6.04,p120
CN94_D1_14.97_9.03,p120
CN94_D1_13.09_26.09,p120
CN94_D1_29.94_6.02,p120
CN94_D1_13.08_9.03,p120
CN94_D1_10.97_29.02,p120
CN94_D1_5.93_8.05,p120
CN94_D1_31.09_23.97,p120
CN94_D1_15.03_28.12,p120
CN94_D1_14.07_22.05,p120
CN94_D1_9.93_12.98,p120
CN94_D1_10.93_11.96,p120
CN94_D1_8_30.12,p120
CN94_D1_9.09_31.08,p120
CN94_D1_8.01_28.06,p120
CN94_D1_31.88_1.96,p120
CN94_D1_31.03_9.96,p120
CN94_D1_12.04_8.08,p120
CN94_D1_12.04_28.23,p120
CN94_D1_27.97_22.97,p120
CN94_D1_9.97_23.01,p120
CN94_D1_27.96_20.01,p120
CN94_D1_29.03_23.01,p120
CN94_D1_27.97_19.01,p120
CN94_D1_12.09_23.08,p120
CN94_D1_9.11_12.02,p120
CN94_D1_31.89_6.99,p120
CN94_D1_29.98_26,p120
CN94_D1_7.98_13,p120
CN94_D1_8.01_10.03,p120
CN94_D1_27.98_3.03,p120
CN94_D1_9.07_28.06,p120
CN94_D1_9.04_8.99,p120
CN94_D1_31.08_24.97,p120
CN94_D1_9.04_3.06,p120
CN94_D1_9.94_8.05,p120
CN94_D1_7.99_12.01,p120
CN94_D1_31.03_8,p120
CN94_D1_9.04_7.04,p120
CN94_D1_29.95_18.99,p120
CN94_D1_13.14_9.99,p120
CN94_D1_11.97_6.1,p120
CN94_D1_14.01_5.08,p120
CN94_D1_9.92_7,p120
CN94_D1_31.93_25.94,p120
CN94_D1_7.04_27.11,p120
CN94_D1_9.07_8.03,p120
CN94_D1_12.09_26.11,p120
CN94_D1_7.05_26.03,p120
CN94_D1_31.92_19.97,p120
CN94_D1_14.99_24.02,p120